VPR FPGA Placement and Routing.
Version: 8.1.0-dev+25e723a24-dirty
Revision: 8.0.0-5699-g25e723a24-dirty
Compiled: 2022-07-20T00:22:19
Compiler: GNU 11.2.0 on Linux-5.15.0-1014-azure x86_64
Build Info: Release IPO PGO VTR_ASSERT_LEVEL=2

University of Toronto
verilogtorouting.org
vtr-users@googlegroups.com
This is free open source code under MIT license.

VPR was run with the following command-line:
vpr /home/kalii/opt/f4pga/xc7/share/f4pga/arch/xc7a50t_test/arch.timing.xml /home/kalii/f4pga-examples/xc7/counter_slave/build/arty_35/counter_slave.eblif --device xc7a50t-test --read_rr_graph /home/kalii/opt/f4pga/xc7/share/f4pga/arch/xc7a50t_test/rr_graph_xc7a50t_test.rr_graph.real.bin --read_router_lookahead /home/kalii/opt/f4pga/xc7/share/f4pga/arch/xc7a50t_test/rr_graph_xc7a50t_test.lookahead.bin --read_placement_delay_lookup /home/kalii/opt/f4pga/xc7/share/f4pga/arch/xc7a50t_test/rr_graph_xc7a50t_test.place_delay.bin --place --max_router_iterations 500 --routing_failure_predictor off --router_high_fanout_threshold -1 --constant_net_method route --route_chan_width 500 --router_heap bucket --clock_modeling route --place_delta_delay_matrix_calculation_method dijkstra --place_delay_model delta --router_lookahead extended_map --check_route quick --strict_checks off --allow_dangling_combinational_nodes on --disable_errors check_unbuffered_edges:check_route --congested_routing_iteration_threshold 0.8 --incremental_reroute_delay_ripup off --base_cost_type delay_normalized_length_bounded --bb_factor 10 --acc_fac 0.7 --astar_fac 1.8 --initial_pres_fac 2.828 --pres_fac_mult 1.2 --check_rr_graph off --suppress_warnings noisy_warnings.log,sum_pin_class:check_unbuffered_edges:load_rr_indexed_data_T_values:check_rr_node:trans_per_R:check_route:set_rr_graph_tool_comment:calculate_average_switch --fix_clusters /home/kalii/f4pga-examples/xc7/counter_slave/build/arty_35/counter_slave.preplace --sdc_file /home/kalii/f4pga-examples/xc7/counter_slave/build/arty_35/xc7a50t_test_sdc.sdc

Using up to 1 parallel worker(s)

Architecture file: /home/kalii/opt/f4pga/xc7/share/f4pga/arch/xc7a50t_test/arch.timing.xml
Circuit name: counter_slave

# Loading Architecture Description
Warning 1: Model 'CE_VCC' output port 'VCC' has no timing specification (no clock specified to create a sequential output port, not combinationally connected to any inputs, not a clock output)
Warning 2: Model 'SR_GND' output port 'GND' has no timing specification (no clock specified to create a sequential output port, not combinationally connected to any inputs, not a clock output)
Warning 3: Model 'NO_FF' input port 'D' has no timing specification (no clock specified to create a sequential input port, not combinationally connected to any outputs, not a clock input)
Warning 4: Model 'NO_DRAM' input port 'A' has no timing specification (no clock specified to create a sequential input port, not combinationally connected to any outputs, not a clock input)
Warning 5: Model 'RAMB18E1_VPR' input port 'ADDRBTIEHIGH' has no timing specification (no clock specified to create a sequential input port, not combinationally connected to any outputs, not a clock input)
Warning 6: Model 'RAMB18E1_VPR' input port 'ADDRATIEHIGH' has no timing specification (no clock specified to create a sequential input port, not combinationally connected to any outputs, not a clock input)
Warning 7: Model 'RAMB36E1_PRIM' input port 'CASCADEINB' has no timing specification (no clock specified to create a sequential input port, not combinationally connected to any outputs, not a clock input)
Warning 8: Model 'RAMB36E1_PRIM' input port 'CASCADEINA' has no timing specification (no clock specified to create a sequential input port, not combinationally connected to any outputs, not a clock input)
Warning 9: Model 'RAMB36E1_PRIM' output port 'CASCADEOUTB' has no timing specification (no clock specified to create a sequential output port, not combinationally connected to any inputs, not a clock output)
Warning 10: Model 'RAMB36E1_PRIM' output port 'CASCADEOUTA' has no timing specification (no clock specified to create a sequential output port, not combinationally connected to any inputs, not a clock output)
Warning 11: Model 'IDELAYE2_VPR' input port 'LDPIPEEN' has no timing specification (no clock specified to create a sequential input port, not combinationally connected to any outputs, not a clock input)
Warning 12: Model 'IDELAYE2_VPR' input port 'IDATAIN' has no timing specification (no clock specified to create a sequential input port, not combinationally connected to any outputs, not a clock input)
Warning 13: Model 'IDELAYE2_VPR' input port 'DATAIN' has no timing specification (no clock specified to create a sequential input port, not combinationally connected to any outputs, not a clock input)
Warning 14: Model 'IDELAYE2_VPR' input port 'CNTVALUEIN4' has no timing specification (no clock specified to create a sequential input port, not combinationally connected to any outputs, not a clock input)
Warning 15: Model 'IDELAYE2_VPR' input port 'CNTVALUEIN3' has no timing specification (no clock specified to create a sequential input port, not combinationally connected to any outputs, not a clock input)
Warning 16: Model 'IDELAYE2_VPR' input port 'CNTVALUEIN2' has no timing specification (no clock specified to create a sequential input port, not combinationally connected to any outputs, not a clock input)
Warning 17: Model 'IDELAYE2_VPR' input port 'CNTVALUEIN1' has no timing specification (no clock specified to create a sequential input port, not combinationally connected to any outputs, not a clock input)
Warning 18: Model 'IDELAYE2_VPR' input port 'CNTVALUEIN0' has no timing specification (no clock specified to create a sequential input port, not combinationally connected to any outputs, not a clock input)
Warning 19: Model 'IDELAYE2_VPR' input port 'CINVCTRL' has no timing specification (no clock specified to create a sequential input port, not combinationally connected to any outputs, not a clock input)
Warning 20: Model 'IDELAYE2_VPR' output port 'DATAOUT' has no timing specification (no clock specified to create a sequential output port, not combinationally connected to any inputs, not a clock output)
Warning 21: Model 'IDELAYE2_VPR' output port 'CNTVALUEOUT4' has no timing specification (no clock specified to create a sequential output port, not combinationally connected to any inputs, not a clock output)
Warning 22: Model 'IDELAYE2_VPR' output port 'CNTVALUEOUT3' has no timing specification (no clock specified to create a sequential output port, not combinationally connected to any inputs, not a clock output)
Warning 23: Model 'IDELAYE2_VPR' output port 'CNTVALUEOUT2' has no timing specification (no clock specified to create a sequential output port, not combinationally connected to any inputs, not a clock output)
Warning 24: Model 'IDELAYE2_VPR' output port 'CNTVALUEOUT1' has no timing specification (no clock specified to create a sequential output port, not combinationally connected to any inputs, not a clock output)
Warning 25: Model 'IDELAYE2_VPR' output port 'CNTVALUEOUT0' has no timing specification (no clock specified to create a sequential output port, not combinationally connected to any inputs, not a clock output)
Warning 26: Model 'ISERDESE2_NO_IDELAY_VPR' input port 'SHIFTIN2' has no timing specification (no clock specified to create a sequential input port, not combinationally connected to any outputs, not a clock input)
Warning 27: Model 'ISERDESE2_NO_IDELAY_VPR' input port 'SHIFTIN1' has no timing specification (no clock specified to create a sequential input port, not combinationally connected to any outputs, not a clock input)
Warning 28: Model 'ISERDESE2_NO_IDELAY_VPR' input port 'DYNCLKSEL' has no timing specification (no clock specified to create a sequential input port, not combinationally connected to any outputs, not a clock input)
Warning 29: Model 'ISERDESE2_NO_IDELAY_VPR' input port 'DYNCLKDIVSEL' has no timing specification (no clock specified to create a sequential input port, not combinationally connected to any outputs, not a clock input)
Warning 30: Model 'ISERDESE2_NO_IDELAY_VPR' input port 'DYNCLKDIVPSEL' has no timing specification (no clock specified to create a sequential input port, not combinationally connected to any outputs, not a clock input)
Warning 31: Model 'ISERDESE2_NO_IDELAY_VPR' output port 'SHIFTOUT2' has no timing specification (no clock specified to create a sequential output port, not combinationally connected to any inputs, not a clock output)
Warning 32: Model 'ISERDESE2_NO_IDELAY_VPR' output port 'SHIFTOUT1' has no timing specification (no clock specified to create a sequential output port, not combinationally connected to any inputs, not a clock output)
Warning 33: Model 'ISERDESE2_IDELAY_VPR' input port 'SHIFTIN2' has no timing specification (no clock specified to create a sequential input port, not combinationally connected to any outputs, not a clock input)
Warning 34: Model 'ISERDESE2_IDELAY_VPR' input port 'SHIFTIN1' has no timing specification (no clock specified to create a sequential input port, not combinationally connected to any outputs, not a clock input)
Warning 35: Model 'ISERDESE2_IDELAY_VPR' input port 'DYNCLKSEL' has no timing specification (no clock specified to create a sequential input port, not combinationally connected to any outputs, not a clock input)
Warning 36: Model 'ISERDESE2_IDELAY_VPR' input port 'DYNCLKDIVSEL' has no timing specification (no clock specified to create a sequential input port, not combinationally connected to any outputs, not a clock input)
Warning 37: Model 'ISERDESE2_IDELAY_VPR' input port 'DYNCLKDIVPSEL' has no timing specification (no clock specified to create a sequential input port, not combinationally connected to any outputs, not a clock input)
Warning 38: Model 'ISERDESE2_IDELAY_VPR' output port 'SHIFTOUT2' has no timing specification (no clock specified to create a sequential output port, not combinationally connected to any inputs, not a clock output)
Warning 39: Model 'ISERDESE2_IDELAY_VPR' output port 'SHIFTOUT1' has no timing specification (no clock specified to create a sequential output port, not combinationally connected to any inputs, not a clock output)
Warning 40: Model 'IDDR_VPR' input port 'SR' has no timing specification (no clock specified to create a sequential input port, not combinationally connected to any outputs, not a clock input)
Warning 41: Model 'OSERDESE2_VPR' input port 'SHIFTIN2' has no timing specification (no clock specified to create a sequential input port, not combinationally connected to any outputs, not a clock input)
Warning 42: Model 'OSERDESE2_VPR' input port 'SHIFTIN1' has no timing specification (no clock specified to create a sequential input port, not combinationally connected to any outputs, not a clock input)
Warning 43: Model 'OSERDESE2_VPR' input port 'TBYTEIN' has no timing specification (no clock specified to create a sequential input port, not combinationally connected to any outputs, not a clock input)
Warning 44: Model 'OSERDESE2_VPR' output port 'SHIFTOUT2' has no timing specification (no clock specified to create a sequential output port, not combinationally connected to any inputs, not a clock output)
Warning 45: Model 'OSERDESE2_VPR' output port 'SHIFTOUT1' has no timing specification (no clock specified to create a sequential output port, not combinationally connected to any inputs, not a clock output)
Warning 46: Model 'ODDR_VPR' input port 'SR' has no timing specification (no clock specified to create a sequential input port, not combinationally connected to any outputs, not a clock input)
Warning 47: Model 'BUFGCTRL_VPR' input port 'S1' has no timing specification (no clock specified to create a sequential input port, not combinationally connected to any outputs, not a clock input)
Warning 48: Model 'BUFGCTRL_VPR' input port 'S0' has no timing specification (no clock specified to create a sequential input port, not combinationally connected to any outputs, not a clock input)
Warning 49: Model 'BUFGCTRL_VPR' input port 'IGNORE1' has no timing specification (no clock specified to create a sequential input port, not combinationally connected to any outputs, not a clock input)
Warning 50: Model 'BUFGCTRL_VPR' input port 'IGNORE0' has no timing specification (no clock specified to create a sequential input port, not combinationally connected to any outputs, not a clock input)
Warning 51: Model 'BUFGCTRL_VPR' input port 'CE1' has no timing specification (no clock specified to create a sequential input port, not combinationally connected to any outputs, not a clock input)
Warning 52: Model 'BUFGCTRL_VPR' input port 'CE0' has no timing specification (no clock specified to create a sequential input port, not combinationally connected to any outputs, not a clock input)
Warning 53: Model 'PLLE2_ADV_VPR' input port 'PWRDWN' has no timing specification (no clock specified to create a sequential input port, not combinationally connected to any outputs, not a clock input)
Warning 54: Model 'PLLE2_ADV_VPR' input port 'CLKINSEL' has no timing specification (no clock specified to create a sequential input port, not combinationally connected to any outputs, not a clock input)
Warning 55: Model 'MMCME2_ADV_VPR' input port 'TESTIN31' has no timing specification (no clock specified to create a sequential input port, not combinationally connected to any outputs, not a clock input)
Warning 56: Model 'MMCME2_ADV_VPR' input port 'TESTIN30' has no timing specification (no clock specified to create a sequential input port, not combinationally connected to any outputs, not a clock input)
Warning 57: Model 'MMCME2_ADV_VPR' input port 'TESTIN29' has no timing specification (no clock specified to create a sequential input port, not combinationally connected to any outputs, not a clock input)
Warning 58: Model 'MMCME2_ADV_VPR' input port 'TESTIN28' has no timing specification (no clock specified to create a sequential input port, not combinationally connected to any outputs, not a clock input)
Warning 59: Model 'MMCME2_ADV_VPR' input port 'TESTIN27' has no timing specification (no clock specified to create a sequential input port, not combinationally connected to any outputs, not a clock input)
Warning 60: Model 'MMCME2_ADV_VPR' input port 'TESTIN26' has no timing specification (no clock specified to create a sequential input port, not combinationally connected to any outputs, not a clock input)
Warning 61: Model 'MMCME2_ADV_VPR' input port 'TESTIN25' has no timing specification (no clock specified to create a sequential input port, not combinationally connected to any outputs, not a clock input)
Warning 62: Model 'MMCME2_ADV_VPR' input port 'TESTIN24' has no timing specification (no clock specified to create a sequential input port, not combinationally connected to any outputs, not a clock input)
Warning 63: Model 'MMCME2_ADV_VPR' input port 'TESTIN23' has no timing specification (no clock specified to create a sequential input port, not combinationally connected to any outputs, not a clock input)
Warning 64: Model 'MMCME2_ADV_VPR' input port 'TESTIN22' has no timing specification (no clock specified to create a sequential input port, not combinationally connected to any outputs, not a clock input)
Warning 65: Model 'MMCME2_ADV_VPR' input port 'TESTIN21' has no timing specification (no clock specified to create a sequential input port, not combinationally connected to any outputs, not a clock input)
Warning 66: Model 'MMCME2_ADV_VPR' input port 'TESTIN20' has no timing specification (no clock specified to create a sequential input port, not combinationally connected to any outputs, not a clock input)
Warning 67: Model 'MMCME2_ADV_VPR' input port 'TESTIN19' has no timing specification (no clock specified to create a sequential input port, not combinationally connected to any outputs, not a clock input)
Warning 68: Model 'MMCME2_ADV_VPR' input port 'TESTIN18' has no timing specification (no clock specified to create a sequential input port, not combinationally connected to any outputs, not a clock input)
Warning 69: Model 'MMCME2_ADV_VPR' input port 'TESTIN17' has no timing specification (no clock specified to create a sequential input port, not combinationally connected to any outputs, not a clock input)
Warning 70: Model 'MMCME2_ADV_VPR' input port 'TESTIN16' has no timing specification (no clock specified to create a sequential input port, not combinationally connected to any outputs, not a clock input)
Warning 71: Model 'MMCME2_ADV_VPR' input port 'TESTIN15' has no timing specification (no clock specified to create a sequential input port, not combinationally connected to any outputs, not a clock input)
Warning 72: Model 'MMCME2_ADV_VPR' input port 'TESTIN14' has no timing specification (no clock specified to create a sequential input port, not combinationally connected to any outputs, not a clock input)
Warning 73: Model 'MMCME2_ADV_VPR' input port 'TESTIN13' has no timing specification (no clock specified to create a sequential input port, not combinationally connected to any outputs, not a clock input)
Warning 74: Model 'MMCME2_ADV_VPR' input port 'TESTIN12' has no timing specification (no clock specified to create a sequential input port, not combinationally connected to any outputs, not a clock input)
Warning 75: Model 'MMCME2_ADV_VPR' input port 'TESTIN11' has no timing specification (no clock specified to create a sequential input port, not combinationally connected to any outputs, not a clock input)
Warning 76: Model 'MMCME2_ADV_VPR' input port 'TESTIN10' has no timing specification (no clock specified to create a sequential input port, not combinationally connected to any outputs, not a clock input)
Warning 77: Model 'MMCME2_ADV_VPR' input port 'TESTIN9' has no timing specification (no clock specified to create a sequential input port, not combinationally connected to any outputs, not a clock input)
Warning 78: Model 'MMCME2_ADV_VPR' input port 'TESTIN8' has no timing specification (no clock specified to create a sequential input port, not combinationally connected to any outputs, not a clock input)
Warning 79: Model 'MMCME2_ADV_VPR' input port 'TESTIN7' has no timing specification (no clock specified to create a sequential input port, not combinationally connected to any outputs, not a clock input)
Warning 80: Model 'MMCME2_ADV_VPR' input port 'TESTIN6' has no timing specification (no clock specified to create a sequential input port, not combinationally connected to any outputs, not a clock input)
Warning 81: Model 'MMCME2_ADV_VPR' input port 'TESTIN5' has no timing specification (no clock specified to create a sequential input port, not combinationally connected to any outputs, not a clock input)
Warning 82: Model 'MMCME2_ADV_VPR' input port 'TESTIN4' has no timing specification (no clock specified to create a sequential input port, not combinationally connected to any outputs, not a clock input)
Warning 83: Model 'MMCME2_ADV_VPR' input port 'TESTIN3' has no timing specification (no clock specified to create a sequential input port, not combinationally connected to any outputs, not a clock input)
Warning 84: Model 'MMCME2_ADV_VPR' input port 'TESTIN2' has no timing specification (no clock specified to create a sequential input port, not combinationally connected to any outputs, not a clock input)
Warning 85: Model 'MMCME2_ADV_VPR' input port 'TESTIN1' has no timing specification (no clock specified to create a sequential input port, not combinationally connected to any outputs, not a clock input)
Warning 86: Model 'MMCME2_ADV_VPR' input port 'TESTIN0' has no timing specification (no clock specified to create a sequential input port, not combinationally connected to any outputs, not a clock input)
Warning 87: Model 'MMCME2_ADV_VPR' input port 'PWRDWN' has no timing specification (no clock specified to create a sequential input port, not combinationally connected to any outputs, not a clock input)
Warning 88: Model 'MMCME2_ADV_VPR' input port 'CLKINSEL' has no timing specification (no clock specified to create a sequential input port, not combinationally connected to any outputs, not a clock input)
Warning 89: Model 'MMCME2_ADV_VPR' output port 'TMUXOUT' has no timing specification (no clock specified to create a sequential output port, not combinationally connected to any inputs, not a clock output)
Warning 90: Model 'MMCME2_ADV_VPR' output port 'TESTOUT63' has no timing specification (no clock specified to create a sequential output port, not combinationally connected to any inputs, not a clock output)
Warning 91: Model 'MMCME2_ADV_VPR' output port 'TESTOUT62' has no timing specification (no clock specified to create a sequential output port, not combinationally connected to any inputs, not a clock output)
Warning 92: Model 'MMCME2_ADV_VPR' output port 'TESTOUT61' has no timing specification (no clock specified to create a sequential output port, not combinationally connected to any inputs, not a clock output)
Warning 93: Model 'MMCME2_ADV_VPR' output port 'TESTOUT60' has no timing specification (no clock specified to create a sequential output port, not combinationally connected to any inputs, not a clock output)
Warning 94: Model 'MMCME2_ADV_VPR' output port 'TESTOUT59' has no timing specification (no clock specified to create a sequential output port, not combinationally connected to any inputs, not a clock output)
Warning 95: Model 'MMCME2_ADV_VPR' output port 'TESTOUT58' has no timing specification (no clock specified to create a sequential output port, not combinationally connected to any inputs, not a clock output)
Warning 96: Model 'MMCME2_ADV_VPR' output port 'TESTOUT57' has no timing specification (no clock specified to create a sequential output port, not combinationally connected to any inputs, not a clock output)
Warning 97: Model 'MMCME2_ADV_VPR' output port 'TESTOUT56' has no timing specification (no clock specified to create a sequential output port, not combinationally connected to any inputs, not a clock output)
Warning 98: Model 'MMCME2_ADV_VPR' output port 'TESTOUT55' has no timing specification (no clock specified to create a sequential output port, not combinationally connected to any inputs, not a clock output)
Warning 99: Model 'MMCME2_ADV_VPR' output port 'TESTOUT54' has no timing specification (no clock specified to create a sequential output port, not combinationally connected to any inputs, not a clock output)
Warning 100: Model 'MMCME2_ADV_VPR' output port 'TESTOUT53' has no timing specification (no clock specified to create a sequential output port, not combinationally connected to any inputs, not a clock output)
Warning 101: Model 'MMCME2_ADV_VPR' output port 'TESTOUT52' has no timing specification (no clock specified to create a sequential output port, not combinationally connected to any inputs, not a clock output)
Warning 102: Model 'MMCME2_ADV_VPR' output port 'TESTOUT51' has no timing specification (no clock specified to create a sequential output port, not combinationally connected to any inputs, not a clock output)
Warning 103: Model 'MMCME2_ADV_VPR' output port 'TESTOUT50' has no timing specification (no clock specified to create a sequential output port, not combinationally connected to any inputs, not a clock output)
Warning 104: Model 'MMCME2_ADV_VPR' output port 'TESTOUT49' has no timing specification (no clock specified to create a sequential output port, not combinationally connected to any inputs, not a clock output)
Warning 105: Model 'MMCME2_ADV_VPR' output port 'TESTOUT48' has no timing specification (no clock specified to create a sequential output port, not combinationally connected to any inputs, not a clock output)
Warning 106: Model 'MMCME2_ADV_VPR' output port 'TESTOUT47' has no timing specification (no clock specified to create a sequential output port, not combinationally connected to any inputs, not a clock output)
Warning 107: Model 'MMCME2_ADV_VPR' output port 'TESTOUT46' has no timing specification (no clock specified to create a sequential output port, not combinationally connected to any inputs, not a clock output)
Warning 108: Model 'MMCME2_ADV_VPR' output port 'TESTOUT45' has no timing specification (no clock specified to create a sequential output port, not combinationally connected to any inputs, not a clock output)
Warning 109: Model 'MMCME2_ADV_VPR' output port 'TESTOUT44' has no timing specification (no clock specified to create a sequential output port, not combinationally connected to any inputs, not a clock output)
Warning 110: Model 'MMCME2_ADV_VPR' output port 'TESTOUT43' has no timing specification (no clock specified to create a sequential output port, not combinationally connected to any inputs, not a clock output)
Warning 111: Model 'MMCME2_ADV_VPR' output port 'TESTOUT42' has no timing specification (no clock specified to create a sequential output port, not combinationally connected to any inputs, not a clock output)
Warning 112: Model 'MMCME2_ADV_VPR' output port 'TESTOUT41' has no timing specification (no clock specified to create a sequential output port, not combinationally connected to any inputs, not a clock output)
Warning 113: Model 'MMCME2_ADV_VPR' output port 'TESTOUT40' has no timing specification (no clock specified to create a sequential output port, not combinationally connected to any inputs, not a clock output)
Warning 114: Model 'MMCME2_ADV_VPR' output port 'TESTOUT39' has no timing specification (no clock specified to create a sequential output port, not combinationally connected to any inputs, not a clock output)
Warning 115: Model 'MMCME2_ADV_VPR' output port 'TESTOUT38' has no timing specification (no clock specified to create a sequential output port, not combinationally connected to any inputs, not a clock output)
Warning 116: Model 'MMCME2_ADV_VPR' output port 'TESTOUT37' has no timing specification (no clock specified to create a sequential output port, not combinationally connected to any inputs, not a clock output)
Warning 117: Model 'MMCME2_ADV_VPR' output port 'TESTOUT36' has no timing specification (no clock specified to create a sequential output port, not combinationally connected to any inputs, not a clock output)
Warning 118: Model 'MMCME2_ADV_VPR' output port 'TESTOUT35' has no timing specification (no clock specified to create a sequential output port, not combinationally connected to any inputs, not a clock output)
Warning 119: Model 'MMCME2_ADV_VPR' output port 'TESTOUT34' has no timing specification (no clock specified to create a sequential output port, not combinationally connected to any inputs, not a clock output)
Warning 120: Model 'MMCME2_ADV_VPR' output port 'TESTOUT33' has no timing specification (no clock specified to create a sequential output port, not combinationally connected to any inputs, not a clock output)
Warning 121: Model 'MMCME2_ADV_VPR' output port 'TESTOUT32' has no timing specification (no clock specified to create a sequential output port, not combinationally connected to any inputs, not a clock output)
Warning 122: Model 'MMCME2_ADV_VPR' output port 'TESTOUT31' has no timing specification (no clock specified to create a sequential output port, not combinationally connected to any inputs, not a clock output)
Warning 123: Model 'MMCME2_ADV_VPR' output port 'TESTOUT30' has no timing specification (no clock specified to create a sequential output port, not combinationally connected to any inputs, not a clock output)
Warning 124: Model 'MMCME2_ADV_VPR' output port 'TESTOUT29' has no timing specification (no clock specified to create a sequential output port, not combinationally connected to any inputs, not a clock output)
Warning 125: Model 'MMCME2_ADV_VPR' output port 'TESTOUT28' has no timing specification (no clock specified to create a sequential output port, not combinationally connected to any inputs, not a clock output)
Warning 126: Model 'MMCME2_ADV_VPR' output port 'TESTOUT27' has no timing specification (no clock specified to create a sequential output port, not combinationally connected to any inputs, not a clock output)
Warning 127: Model 'MMCME2_ADV_VPR' output port 'TESTOUT26' has no timing specification (no clock specified to create a sequential output port, not combinationally connected to any inputs, not a clock output)
Warning 128: Model 'MMCME2_ADV_VPR' output port 'TESTOUT25' has no timing specification (no clock specified to create a sequential output port, not combinationally connected to any inputs, not a clock output)
Warning 129: Model 'MMCME2_ADV_VPR' output port 'TESTOUT24' has no timing specification (no clock specified to create a sequential output port, not combinationally connected to any inputs, not a clock output)
Warning 130: Model 'MMCME2_ADV_VPR' output port 'TESTOUT23' has no timing specification (no clock specified to create a sequential output port, not combinationally connected to any inputs, not a clock output)
Warning 131: Model 'MMCME2_ADV_VPR' output port 'TESTOUT22' has no timing specification (no clock specified to create a sequential output port, not combinationally connected to any inputs, not a clock output)
Warning 132: Model 'MMCME2_ADV_VPR' output port 'TESTOUT21' has no timing specification (no clock specified to create a sequential output port, not combinationally connected to any inputs, not a clock output)
Warning 133: Model 'MMCME2_ADV_VPR' output port 'TESTOUT20' has no timing specification (no clock specified to create a sequential output port, not combinationally connected to any inputs, not a clock output)
Warning 134: Model 'MMCME2_ADV_VPR' output port 'TESTOUT19' has no timing specification (no clock specified to create a sequential output port, not combinationally connected to any inputs, not a clock output)
Warning 135: Model 'MMCME2_ADV_VPR' output port 'TESTOUT18' has no timing specification (no clock specified to create a sequential output port, not combinationally connected to any inputs, not a clock output)
Warning 136: Model 'MMCME2_ADV_VPR' output port 'TESTOUT17' has no timing specification (no clock specified to create a sequential output port, not combinationally connected to any inputs, not a clock output)
Warning 137: Model 'MMCME2_ADV_VPR' output port 'TESTOUT16' has no timing specification (no clock specified to create a sequential output port, not combinationally connected to any inputs, not a clock output)
Warning 138: Model 'MMCME2_ADV_VPR' output port 'TESTOUT15' has no timing specification (no clock specified to create a sequential output port, not combinationally connected to any inputs, not a clock output)
Warning 139: Model 'MMCME2_ADV_VPR' output port 'TESTOUT14' has no timing specification (no clock specified to create a sequential output port, not combinationally connected to any inputs, not a clock output)
Warning 140: Model 'MMCME2_ADV_VPR' output port 'TESTOUT13' has no timing specification (no clock specified to create a sequential output port, not combinationally connected to any inputs, not a clock output)
Warning 141: Model 'MMCME2_ADV_VPR' output port 'TESTOUT12' has no timing specification (no clock specified to create a sequential output port, not combinationally connected to any inputs, not a clock output)
Warning 142: Model 'MMCME2_ADV_VPR' output port 'TESTOUT11' has no timing specification (no clock specified to create a sequential output port, not combinationally connected to any inputs, not a clock output)
Warning 143: Model 'MMCME2_ADV_VPR' output port 'TESTOUT10' has no timing specification (no clock specified to create a sequential output port, not combinationally connected to any inputs, not a clock output)
Warning 144: Model 'MMCME2_ADV_VPR' output port 'TESTOUT9' has no timing specification (no clock specified to create a sequential output port, not combinationally connected to any inputs, not a clock output)
Warning 145: Model 'MMCME2_ADV_VPR' output port 'TESTOUT8' has no timing specification (no clock specified to create a sequential output port, not combinationally connected to any inputs, not a clock output)
Warning 146: Model 'MMCME2_ADV_VPR' output port 'TESTOUT7' has no timing specification (no clock specified to create a sequential output port, not combinationally connected to any inputs, not a clock output)
Warning 147: Model 'MMCME2_ADV_VPR' output port 'TESTOUT6' has no timing specification (no clock specified to create a sequential output port, not combinationally connected to any inputs, not a clock output)
Warning 148: Model 'MMCME2_ADV_VPR' output port 'TESTOUT5' has no timing specification (no clock specified to create a sequential output port, not combinationally connected to any inputs, not a clock output)
Warning 149: Model 'MMCME2_ADV_VPR' output port 'TESTOUT4' has no timing specification (no clock specified to create a sequential output port, not combinationally connected to any inputs, not a clock output)
Warning 150: Model 'MMCME2_ADV_VPR' output port 'TESTOUT3' has no timing specification (no clock specified to create a sequential output port, not combinationally connected to any inputs, not a clock output)
Warning 151: Model 'MMCME2_ADV_VPR' output port 'TESTOUT2' has no timing specification (no clock specified to create a sequential output port, not combinationally connected to any inputs, not a clock output)
Warning 152: Model 'MMCME2_ADV_VPR' output port 'TESTOUT1' has no timing specification (no clock specified to create a sequential output port, not combinationally connected to any inputs, not a clock output)
Warning 153: Model 'MMCME2_ADV_VPR' output port 'TESTOUT0' has no timing specification (no clock specified to create a sequential output port, not combinationally connected to any inputs, not a clock output)
Warning 154: Model 'MMCME2_ADV_VPR' output port 'CLKFBSTOPPED' has no timing specification (no clock specified to create a sequential output port, not combinationally connected to any inputs, not a clock output)
Warning 155: Model 'MMCME2_ADV_VPR' output port 'CLKINSTOPPED' has no timing specification (no clock specified to create a sequential output port, not combinationally connected to any inputs, not a clock output)
Warning 156: Model 'IDELAYCTRL' input port 'RST' has no timing specification (no clock specified to create a sequential input port, not combinationally connected to any outputs, not a clock input)
Warning 157: Model 'IDELAYCTRL' output port 'RDY' has no timing specification (no clock specified to create a sequential output port, not combinationally connected to any inputs, not a clock output)
Warning 158: Model 'GTPE2_COMMON_VPR' input port 'PMARSVD' has no timing specification (no clock specified to create a sequential input port, not combinationally connected to any outputs, not a clock input)
Warning 159: Model 'GTPE2_COMMON_VPR' input port 'DRPADDR' has no timing specification (no clock specified to create a sequential input port, not combinationally connected to any outputs, not a clock input)
Warning 160: Model 'GTPE2_COMMON_VPR' input port 'BGRCALOVRD' has no timing specification (no clock specified to create a sequential input port, not combinationally connected to any outputs, not a clock input)
Warning 161: Model 'GTPE2_COMMON_VPR' input port 'PLL1REFCLKSEL' has no timing specification (no clock specified to create a sequential input port, not combinationally connected to any outputs, not a clock input)
Warning 162: Model 'GTPE2_COMMON_VPR' input port 'PLL0REFCLKSEL' has no timing specification (no clock specified to create a sequential input port, not combinationally connected to any outputs, not a clock input)
Warning 163: Model 'GTPE2_COMMON_VPR' input port 'DRPDI' has no timing specification (no clock specified to create a sequential input port, not combinationally connected to any outputs, not a clock input)
Warning 164: Model 'GTPE2_COMMON_VPR' input port 'RCALENB' has no timing specification (no clock specified to create a sequential input port, not combinationally connected to any outputs, not a clock input)
Warning 165: Model 'GTPE2_COMMON_VPR' input port 'PLL1RESET' has no timing specification (no clock specified to create a sequential input port, not combinationally connected to any outputs, not a clock input)
Warning 166: Model 'GTPE2_COMMON_VPR' input port 'PLL1PD' has no timing specification (no clock specified to create a sequential input port, not combinationally connected to any outputs, not a clock input)
Warning 167: Model 'GTPE2_COMMON_VPR' input port 'PLL1LOCKEN' has no timing specification (no clock specified to create a sequential input port, not combinationally connected to any outputs, not a clock input)
Warning 168: Model 'GTPE2_COMMON_VPR' input port 'PLL0RESET' has no timing specification (no clock specified to create a sequential input port, not combinationally connected to any outputs, not a clock input)
Warning 169: Model 'GTPE2_COMMON_VPR' input port 'PLL0PD' has no timing specification (no clock specified to create a sequential input port, not combinationally connected to any outputs, not a clock input)
Warning 170: Model 'GTPE2_COMMON_VPR' input port 'PLL0LOCKEN' has no timing specification (no clock specified to create a sequential input port, not combinationally connected to any outputs, not a clock input)
Warning 171: Model 'GTPE2_COMMON_VPR' input port 'DRPWE' has no timing specification (no clock specified to create a sequential input port, not combinationally connected to any outputs, not a clock input)
Warning 172: Model 'GTPE2_COMMON_VPR' input port 'DRPEN' has no timing specification (no clock specified to create a sequential input port, not combinationally connected to any outputs, not a clock input)
Warning 173: Model 'GTPE2_COMMON_VPR' input port 'BGRCALOVRDENB' has no timing specification (no clock specified to create a sequential input port, not combinationally connected to any outputs, not a clock input)
Warning 174: Model 'GTPE2_COMMON_VPR' input port 'BGPDB' has no timing specification (no clock specified to create a sequential input port, not combinationally connected to any outputs, not a clock input)
Warning 175: Model 'GTPE2_COMMON_VPR' input port 'BGMONITORENB' has no timing specification (no clock specified to create a sequential input port, not combinationally connected to any outputs, not a clock input)
Warning 176: Model 'GTPE2_COMMON_VPR' input port 'BGBYPASSB' has no timing specification (no clock specified to create a sequential input port, not combinationally connected to any outputs, not a clock input)
Warning 177: Model 'GTPE2_COMMON_VPR' output port 'DMONITOROUT' has no timing specification (no clock specified to create a sequential output port, not combinationally connected to any inputs, not a clock output)
Warning 178: Model 'GTPE2_COMMON_VPR' output port 'PMARSVDOUT' has no timing specification (no clock specified to create a sequential output port, not combinationally connected to any inputs, not a clock output)
Warning 179: Model 'GTPE2_COMMON_VPR' output port 'DRPDO' has no timing specification (no clock specified to create a sequential output port, not combinationally connected to any inputs, not a clock output)
Warning 180: Model 'GTPE2_COMMON_VPR' output port 'REFCLKOUTMONITOR1' has no timing specification (no clock specified to create a sequential output port, not combinationally connected to any inputs, not a clock output)
Warning 181: Model 'GTPE2_COMMON_VPR' output port 'REFCLKOUTMONITOR0' has no timing specification (no clock specified to create a sequential output port, not combinationally connected to any inputs, not a clock output)
Warning 182: Model 'GTPE2_COMMON_VPR' output port 'PLL1REFCLKLOST' has no timing specification (no clock specified to create a sequential output port, not combinationally connected to any inputs, not a clock output)
Warning 183: Model 'GTPE2_COMMON_VPR' output port 'PLL1OUTREFCLK' has no timing specification (no clock specified to create a sequential output port, not combinationally connected to any inputs, not a clock output)
Warning 184: Model 'GTPE2_COMMON_VPR' output port 'PLL1OUTCLK' has no timing specification (no clock specified to create a sequential output port, not combinationally connected to any inputs, not a clock output)
Warning 185: Model 'GTPE2_COMMON_VPR' output port 'PLL1LOCK' has no timing specification (no clock specified to create a sequential output port, not combinationally connected to any inputs, not a clock output)
Warning 186: Model 'GTPE2_COMMON_VPR' output port 'PLL1FBCLKLOST' has no timing specification (no clock specified to create a sequential output port, not combinationally connected to any inputs, not a clock output)
Warning 187: Model 'GTPE2_COMMON_VPR' output port 'PLL0REFCLKLOST' has no timing specification (no clock specified to create a sequential output port, not combinationally connected to any inputs, not a clock output)
Warning 188: Model 'GTPE2_COMMON_VPR' output port 'PLL0OUTREFCLK' has no timing specification (no clock specified to create a sequential output port, not combinationally connected to any inputs, not a clock output)
Warning 189: Model 'GTPE2_COMMON_VPR' output port 'PLL0OUTCLK' has no timing specification (no clock specified to create a sequential output port, not combinationally connected to any inputs, not a clock output)
Warning 190: Model 'GTPE2_COMMON_VPR' output port 'PLL0LOCK' has no timing specification (no clock specified to create a sequential output port, not combinationally connected to any inputs, not a clock output)
Warning 191: Model 'GTPE2_COMMON_VPR' output port 'PLL0FBCLKLOST' has no timing specification (no clock specified to create a sequential output port, not combinationally connected to any inputs, not a clock output)
Warning 192: Model 'GTPE2_COMMON_VPR' output port 'DRPRDY' has no timing specification (no clock specified to create a sequential output port, not combinationally connected to any inputs, not a clock output)
Warning 193: Model 'GTPE2_CHANNEL_VPR' input port 'DRPADDR' has no timing specification (no clock specified to create a sequential input port, not combinationally connected to any outputs, not a clock input)
Warning 194: Model 'GTPE2_CHANNEL_VPR' input port 'TXSEQUENCE' has no timing specification (no clock specified to create a sequential input port, not combinationally connected to any outputs, not a clock input)
Warning 195: Model 'GTPE2_CHANNEL_VPR' input port 'TXMAINCURSOR' has no timing specification (no clock specified to create a sequential input port, not combinationally connected to any outputs, not a clock input)
Warning 196: Model 'GTPE2_CHANNEL_VPR' input port 'TXPRECURSOR' has no timing specification (no clock specified to create a sequential input port, not combinationally connected to any outputs, not a clock input)
Warning 197: Model 'GTPE2_CHANNEL_VPR' input port 'TXPOSTCURSOR' has no timing specification (no clock specified to create a sequential input port, not combinationally connected to any outputs, not a clock input)
Warning 198: Model 'GTPE2_CHANNEL_VPR' input port 'TXPIPPMSTEPSIZE' has no timing specification (no clock specified to create a sequential input port, not combinationally connected to any outputs, not a clock input)
Warning 199: Model 'GTPE2_CHANNEL_VPR' input port 'TXDIFFCTRL' has no timing specification (no clock specified to create a sequential input port, not combinationally connected to any outputs, not a clock input)
Warning 200: Model 'GTPE2_CHANNEL_VPR' input port 'TXCHARISK' has no timing specification (no clock specified to create a sequential input port, not combinationally connected to any outputs, not a clock input)
Warning 201: Model 'GTPE2_CHANNEL_VPR' input port 'TXCHARDISPVAL' has no timing specification (no clock specified to create a sequential input port, not combinationally connected to any outputs, not a clock input)
Warning 202: Model 'GTPE2_CHANNEL_VPR' input port 'TXCHARDISPMODE' has no timing specification (no clock specified to create a sequential input port, not combinationally connected to any outputs, not a clock input)
Warning 203: Model 'GTPE2_CHANNEL_VPR' input port 'TX8B10BBYPASS' has no timing specification (no clock specified to create a sequential input port, not combinationally connected to any outputs, not a clock input)
Warning 204: Model 'GTPE2_CHANNEL_VPR' input port 'RXOSINTID0' has no timing specification (no clock specified to create a sequential input port, not combinationally connected to any outputs, not a clock input)
Warning 205: Model 'GTPE2_CHANNEL_VPR' input port 'RXOSINTCFG' has no timing specification (no clock specified to create a sequential input port, not combinationally connected to any outputs, not a clock input)
Warning 206: Model 'GTPE2_CHANNEL_VPR' input port 'RXCHBONDI' has no timing specification (no clock specified to create a sequential input port, not combinationally connected to any outputs, not a clock input)
Warning 207: Model 'GTPE2_CHANNEL_VPR' input port 'TXDATA' has no timing specification (no clock specified to create a sequential input port, not combinationally connected to any outputs, not a clock input)
Warning 208: Model 'GTPE2_CHANNEL_VPR' input port 'TXRATE' has no timing specification (no clock specified to create a sequential input port, not combinationally connected to any outputs, not a clock input)
Warning 209: Model 'GTPE2_CHANNEL_VPR' input port 'TXPRBSSEL' has no timing specification (no clock specified to create a sequential input port, not combinationally connected to any outputs, not a clock input)
Warning 210: Model 'GTPE2_CHANNEL_VPR' input port 'TXOUTCLKSEL' has no timing specification (no clock specified to create a sequential input port, not combinationally connected to any outputs, not a clock input)
Warning 211: Model 'GTPE2_CHANNEL_VPR' input port 'TXMARGIN' has no timing specification (no clock specified to create a sequential input port, not combinationally connected to any outputs, not a clock input)
Warning 212: Model 'GTPE2_CHANNEL_VPR' input port 'TXHEADER' has no timing specification (no clock specified to create a sequential input port, not combinationally connected to any outputs, not a clock input)
Warning 213: Model 'GTPE2_CHANNEL_VPR' input port 'TXBUFDIFFCTRL' has no timing specification (no clock specified to create a sequential input port, not combinationally connected to any outputs, not a clock input)
Warning 214: Model 'GTPE2_CHANNEL_VPR' input port 'RXRATE' has no timing specification (no clock specified to create a sequential input port, not combinationally connected to any outputs, not a clock input)
Warning 215: Model 'GTPE2_CHANNEL_VPR' input port 'RXPRBSSEL' has no timing specification (no clock specified to create a sequential input port, not combinationally connected to any outputs, not a clock input)
Warning 216: Model 'GTPE2_CHANNEL_VPR' input port 'RXOUTCLKSEL' has no timing specification (no clock specified to create a sequential input port, not combinationally connected to any outputs, not a clock input)
Warning 217: Model 'GTPE2_CHANNEL_VPR' input port 'RXCHBONDLEVEL' has no timing specification (no clock specified to create a sequential input port, not combinationally connected to any outputs, not a clock input)
Warning 218: Model 'GTPE2_CHANNEL_VPR' input port 'LOOPBACK' has no timing specification (no clock specified to create a sequential input port, not combinationally connected to any outputs, not a clock input)
Warning 219: Model 'GTPE2_CHANNEL_VPR' input port 'TXSYSCLKSEL' has no timing specification (no clock specified to create a sequential input port, not combinationally connected to any outputs, not a clock input)
Warning 220: Model 'GTPE2_CHANNEL_VPR' input port 'TXPD' has no timing specification (no clock specified to create a sequential input port, not combinationally connected to any outputs, not a clock input)
Warning 221: Model 'GTPE2_CHANNEL_VPR' input port 'RXSYSCLKSEL' has no timing specification (no clock specified to create a sequential input port, not combinationally connected to any outputs, not a clock input)
Warning 222: Model 'GTPE2_CHANNEL_VPR' input port 'RXPD' has no timing specification (no clock specified to create a sequential input port, not combinationally connected to any outputs, not a clock input)
Warning 223: Model 'GTPE2_CHANNEL_VPR' input port 'RXELECIDLEMODE' has no timing specification (no clock specified to create a sequential input port, not combinationally connected to any outputs, not a clock input)
Warning 224: Model 'GTPE2_CHANNEL_VPR' input port 'TSTIN' has no timing specification (no clock specified to create a sequential input port, not combinationally connected to any outputs, not a clock input)
Warning 225: Model 'GTPE2_CHANNEL_VPR' input port 'PCSRSVDIN' has no timing specification (no clock specified to create a sequential input port, not combinationally connected to any outputs, not a clock input)
Warning 226: Model 'GTPE2_CHANNEL_VPR' input port 'GTRSVD' has no timing specification (no clock specified to create a sequential input port, not combinationally connected to any outputs, not a clock input)
Warning 227: Model 'GTPE2_CHANNEL_VPR' input port 'DRPDI' has no timing specification (no clock specified to create a sequential input port, not combinationally connected to any outputs, not a clock input)
Warning 228: Model 'GTPE2_CHANNEL_VPR' input port 'RXADAPTSELTEST' has no timing specification (no clock specified to create a sequential input port, not combinationally connected to any outputs, not a clock input)
Warning 229: Model 'GTPE2_CHANNEL_VPR' input port 'TXUSERRDY' has no timing specification (no clock specified to create a sequential input port, not combinationally connected to any outputs, not a clock input)
Warning 230: Model 'GTPE2_CHANNEL_VPR' input port 'TXSYNCMODE' has no timing specification (no clock specified to create a sequential input port, not combinationally connected to any outputs, not a clock input)
Warning 231: Model 'GTPE2_CHANNEL_VPR' input port 'TXSYNCIN' has no timing specification (no clock specified to create a sequential input port, not combinationally connected to any outputs, not a clock input)
Warning 232: Model 'GTPE2_CHANNEL_VPR' input port 'TXSYNCALLIN' has no timing specification (no clock specified to create a sequential input port, not combinationally connected to any outputs, not a clock input)
Warning 233: Model 'GTPE2_CHANNEL_VPR' input port 'TXSWING' has no timing specification (no clock specified to create a sequential input port, not combinationally connected to any outputs, not a clock input)
Warning 234: Model 'GTPE2_CHANNEL_VPR' input port 'TXSTARTSEQ' has no timing specification (no clock specified to create a sequential input port, not combinationally connected to any outputs, not a clock input)
Warning 235: Model 'GTPE2_CHANNEL_VPR' input port 'TXRATEMODE' has no timing specification (no clock specified to create a sequential input port, not combinationally connected to any outputs, not a clock input)
Warning 236: Model 'GTPE2_CHANNEL_VPR' input port 'TXPRECURSORINV' has no timing specification (no clock specified to create a sequential input port, not combinationally connected to any outputs, not a clock input)
Warning 237: Model 'GTPE2_CHANNEL_VPR' input port 'TXPRBSFORCEERR' has no timing specification (no clock specified to create a sequential input port, not combinationally connected to any outputs, not a clock input)
Warning 238: Model 'GTPE2_CHANNEL_VPR' input port 'TXPOSTCURSORINV' has no timing specification (no clock specified to create a sequential input port, not combinationally connected to any outputs, not a clock input)
Warning 239: Model 'GTPE2_CHANNEL_VPR' input port 'TXPOLARITY' has no timing specification (no clock specified to create a sequential input port, not combinationally connected to any outputs, not a clock input)
Warning 240: Model 'GTPE2_CHANNEL_VPR' input port 'TXPMARESET' has no timing specification (no clock specified to create a sequential input port, not combinationally connected to any outputs, not a clock input)
Warning 241: Model 'GTPE2_CHANNEL_VPR' input port 'TXPISOPD' has no timing specification (no clock specified to create a sequential input port, not combinationally connected to any outputs, not a clock input)
Warning 242: Model 'GTPE2_CHANNEL_VPR' input port 'TXPIPPMSEL' has no timing specification (no clock specified to create a sequential input port, not combinationally connected to any outputs, not a clock input)
Warning 243: Model 'GTPE2_CHANNEL_VPR' input port 'TXPIPPMPD' has no timing specification (no clock specified to create a sequential input port, not combinationally connected to any outputs, not a clock input)
Warning 244: Model 'GTPE2_CHANNEL_VPR' input port 'TXPIPPMOVRDEN' has no timing specification (no clock specified to create a sequential input port, not combinationally connected to any outputs, not a clock input)
Warning 245: Model 'GTPE2_CHANNEL_VPR' input port 'TXPIPPMEN' has no timing specification (no clock specified to create a sequential input port, not combinationally connected to any outputs, not a clock input)
Warning 246: Model 'GTPE2_CHANNEL_VPR' input port 'TXPHOVRDEN' has no timing specification (no clock specified to create a sequential input port, not combinationally connected to any outputs, not a clock input)
Warning 247: Model 'GTPE2_CHANNEL_VPR' input port 'TXPHINIT' has no timing specification (no clock specified to create a sequential input port, not combinationally connected to any outputs, not a clock input)
Warning 248: Model 'GTPE2_CHANNEL_VPR' input port 'TXPHDLYRESET' has no timing specification (no clock specified to create a sequential input port, not combinationally connected to any outputs, not a clock input)
Warning 249: Model 'GTPE2_CHANNEL_VPR' input port 'TXPHDLYPD' has no timing specification (no clock specified to create a sequential input port, not combinationally connected to any outputs, not a clock input)
Warning 250: Model 'GTPE2_CHANNEL_VPR' input port 'TXPHALIGNEN' has no timing specification (no clock specified to create a sequential input port, not combinationally connected to any outputs, not a clock input)
Warning 251: Model 'GTPE2_CHANNEL_VPR' input port 'TXPHALIGN' has no timing specification (no clock specified to create a sequential input port, not combinationally connected to any outputs, not a clock input)
Warning 252: Model 'GTPE2_CHANNEL_VPR' input port 'TXPDELECIDLEMODE' has no timing specification (no clock specified to create a sequential input port, not combinationally connected to any outputs, not a clock input)
Warning 253: Model 'GTPE2_CHANNEL_VPR' input port 'TXPCSRESET' has no timing specification (no clock specified to create a sequential input port, not combinationally connected to any outputs, not a clock input)
Warning 254: Model 'GTPE2_CHANNEL_VPR' input port 'TXINHIBIT' has no timing specification (no clock specified to create a sequential input port, not combinationally connected to any outputs, not a clock input)
Warning 255: Model 'GTPE2_CHANNEL_VPR' input port 'TXELECIDLE' has no timing specification (no clock specified to create a sequential input port, not combinationally connected to any outputs, not a clock input)
Warning 256: Model 'GTPE2_CHANNEL_VPR' input port 'TXDLYUPDOWN' has no timing specification (no clock specified to create a sequential input port, not combinationally connected to any outputs, not a clock input)
Warning 257: Model 'GTPE2_CHANNEL_VPR' input port 'TXDLYSRESET' has no timing specification (no clock specified to create a sequential input port, not combinationally connected to any outputs, not a clock input)
Warning 258: Model 'GTPE2_CHANNEL_VPR' input port 'TXDLYOVRDEN' has no timing specification (no clock specified to create a sequential input port, not combinationally connected to any outputs, not a clock input)
Warning 259: Model 'GTPE2_CHANNEL_VPR' input port 'TXDLYHOLD' has no timing specification (no clock specified to create a sequential input port, not combinationally connected to any outputs, not a clock input)
Warning 260: Model 'GTPE2_CHANNEL_VPR' input port 'TXDLYEN' has no timing specification (no clock specified to create a sequential input port, not combinationally connected to any outputs, not a clock input)
Warning 261: Model 'GTPE2_CHANNEL_VPR' input port 'TXDLYBYPASS' has no timing specification (no clock specified to create a sequential input port, not combinationally connected to any outputs, not a clock input)
Warning 262: Model 'GTPE2_CHANNEL_VPR' input port 'TXDIFFPD' has no timing specification (no clock specified to create a sequential input port, not combinationally connected to any outputs, not a clock input)
Warning 263: Model 'GTPE2_CHANNEL_VPR' input port 'TXDETECTRX' has no timing specification (no clock specified to create a sequential input port, not combinationally connected to any outputs, not a clock input)
Warning 264: Model 'GTPE2_CHANNEL_VPR' input port 'TXDEEMPH' has no timing specification (no clock specified to create a sequential input port, not combinationally connected to any outputs, not a clock input)
Warning 265: Model 'GTPE2_CHANNEL_VPR' input port 'TXCOMWAKE' has no timing specification (no clock specified to create a sequential input port, not combinationally connected to any outputs, not a clock input)
Warning 266: Model 'GTPE2_CHANNEL_VPR' input port 'TXCOMSAS' has no timing specification (no clock specified to create a sequential input port, not combinationally connected to any outputs, not a clock input)
Warning 267: Model 'GTPE2_CHANNEL_VPR' input port 'TXCOMINIT' has no timing specification (no clock specified to create a sequential input port, not combinationally connected to any outputs, not a clock input)
Warning 268: Model 'GTPE2_CHANNEL_VPR' input port 'TX8B10BEN' has no timing specification (no clock specified to create a sequential input port, not combinationally connected to any outputs, not a clock input)
Warning 269: Model 'GTPE2_CHANNEL_VPR' input port 'SETERRSTATUS' has no timing specification (no clock specified to create a sequential input port, not combinationally connected to any outputs, not a clock input)
Warning 270: Model 'GTPE2_CHANNEL_VPR' input port 'RXUSERRDY' has no timing specification (no clock specified to create a sequential input port, not combinationally connected to any outputs, not a clock input)
Warning 271: Model 'GTPE2_CHANNEL_VPR' input port 'RXSYNCMODE' has no timing specification (no clock specified to create a sequential input port, not combinationally connected to any outputs, not a clock input)
Warning 272: Model 'GTPE2_CHANNEL_VPR' input port 'RXSYNCIN' has no timing specification (no clock specified to create a sequential input port, not combinationally connected to any outputs, not a clock input)
Warning 273: Model 'GTPE2_CHANNEL_VPR' input port 'RXSYNCALLIN' has no timing specification (no clock specified to create a sequential input port, not combinationally connected to any outputs, not a clock input)
Warning 274: Model 'GTPE2_CHANNEL_VPR' input port 'RXSLIDE' has no timing specification (no clock specified to create a sequential input port, not combinationally connected to any outputs, not a clock input)
Warning 275: Model 'GTPE2_CHANNEL_VPR' input port 'RXRATEMODE' has no timing specification (no clock specified to create a sequential input port, not combinationally connected to any outputs, not a clock input)
Warning 276: Model 'GTPE2_CHANNEL_VPR' input port 'RXPRBSCNTRESET' has no timing specification (no clock specified to create a sequential input port, not combinationally connected to any outputs, not a clock input)
Warning 277: Model 'GTPE2_CHANNEL_VPR' input port 'RXPOLARITY' has no timing specification (no clock specified to create a sequential input port, not combinationally connected to any outputs, not a clock input)
Warning 278: Model 'GTPE2_CHANNEL_VPR' input port 'RXPMARESET' has no timing specification (no clock specified to create a sequential input port, not combinationally connected to any outputs, not a clock input)
Warning 279: Model 'GTPE2_CHANNEL_VPR' input port 'RXPHOVRDEN' has no timing specification (no clock specified to create a sequential input port, not combinationally connected to any outputs, not a clock input)
Warning 280: Model 'GTPE2_CHANNEL_VPR' input port 'RXPHDLYRESET' has no timing specification (no clock specified to create a sequential input port, not combinationally connected to any outputs, not a clock input)
Warning 281: Model 'GTPE2_CHANNEL_VPR' input port 'RXPHDLYPD' has no timing specification (no clock specified to create a sequential input port, not combinationally connected to any outputs, not a clock input)
Warning 282: Model 'GTPE2_CHANNEL_VPR' input port 'RXPHALIGNEN' has no timing specification (no clock specified to create a sequential input port, not combinationally connected to any outputs, not a clock input)
Warning 283: Model 'GTPE2_CHANNEL_VPR' input port 'RXPHALIGN' has no timing specification (no clock specified to create a sequential input port, not combinationally connected to any outputs, not a clock input)
Warning 284: Model 'GTPE2_CHANNEL_VPR' input port 'RXPCSRESET' has no timing specification (no clock specified to create a sequential input port, not combinationally connected to any outputs, not a clock input)
Warning 285: Model 'GTPE2_CHANNEL_VPR' input port 'RXPCOMMAALIGNEN' has no timing specification (no clock specified to create a sequential input port, not combinationally connected to any outputs, not a clock input)
Warning 286: Model 'GTPE2_CHANNEL_VPR' input port 'RXOSOVRDEN' has no timing specification (no clock specified to create a sequential input port, not combinationally connected to any outputs, not a clock input)
Warning 287: Model 'GTPE2_CHANNEL_VPR' input port 'RXOSINTTESTOVRDEN' has no timing specification (no clock specified to create a sequential input port, not combinationally connected to any outputs, not a clock input)
Warning 288: Model 'GTPE2_CHANNEL_VPR' input port 'RXOSINTSTROBE' has no timing specification (no clock specified to create a sequential input port, not combinationally connected to any outputs, not a clock input)
Warning 289: Model 'GTPE2_CHANNEL_VPR' input port 'RXOSINTPD' has no timing specification (no clock specified to create a sequential input port, not combinationally connected to any outputs, not a clock input)
Warning 290: Model 'GTPE2_CHANNEL_VPR' input port 'RXOSINTOVRDEN' has no timing specification (no clock specified to create a sequential input port, not combinationally connected to any outputs, not a clock input)
Warning 291: Model 'GTPE2_CHANNEL_VPR' input port 'RXOSINTNTRLEN' has no timing specification (no clock specified to create a sequential input port, not combinationally connected to any outputs, not a clock input)
Warning 292: Model 'GTPE2_CHANNEL_VPR' input port 'RXOSINTHOLD' has no timing specification (no clock specified to create a sequential input port, not combinationally connected to any outputs, not a clock input)
Warning 293: Model 'GTPE2_CHANNEL_VPR' input port 'RXOSINTEN' has no timing specification (no clock specified to create a sequential input port, not combinationally connected to any outputs, not a clock input)
Warning 294: Model 'GTPE2_CHANNEL_VPR' input port 'RXOSHOLD' has no timing specification (no clock specified to create a sequential input port, not combinationally connected to any outputs, not a clock input)
Warning 295: Model 'GTPE2_CHANNEL_VPR' input port 'RXOSCALRESET' has no timing specification (no clock specified to create a sequential input port, not combinationally connected to any outputs, not a clock input)
Warning 296: Model 'GTPE2_CHANNEL_VPR' input port 'RXOOBRESET' has no timing specification (no clock specified to create a sequential input port, not combinationally connected to any outputs, not a clock input)
Warning 297: Model 'GTPE2_CHANNEL_VPR' input port 'RXMCOMMAALIGNEN' has no timing specification (no clock specified to create a sequential input port, not combinationally connected to any outputs, not a clock input)
Warning 298: Model 'GTPE2_CHANNEL_VPR' input port 'RXLPMRESET' has no timing specification (no clock specified to create a sequential input port, not combinationally connected to any outputs, not a clock input)
Warning 299: Model 'GTPE2_CHANNEL_VPR' input port 'RXLPMOSINTNTRLEN' has no timing specification (no clock specified to create a sequential input port, not combinationally connected to any outputs, not a clock input)
Warning 300: Model 'GTPE2_CHANNEL_VPR' input port 'RXLPMLFOVRDEN' has no timing specification (no clock specified to create a sequential input port, not combinationally connected to any outputs, not a clock input)
Warning 301: Model 'GTPE2_CHANNEL_VPR' input port 'RXLPMLFHOLD' has no timing specification (no clock specified to create a sequential input port, not combinationally connected to any outputs, not a clock input)
Warning 302: Model 'GTPE2_CHANNEL_VPR' input port 'RXLPMHFOVRDEN' has no timing specification (no clock specified to create a sequential input port, not combinationally connected to any outputs, not a clock input)
Warning 303: Model 'GTPE2_CHANNEL_VPR' input port 'RXLPMHFHOLD' has no timing specification (no clock specified to create a sequential input port, not combinationally connected to any outputs, not a clock input)
Warning 304: Model 'GTPE2_CHANNEL_VPR' input port 'RXGEARBOXSLIP' has no timing specification (no clock specified to create a sequential input port, not combinationally connected to any outputs, not a clock input)
Warning 305: Model 'GTPE2_CHANNEL_VPR' input port 'RXDLYSRESET' has no timing specification (no clock specified to create a sequential input port, not combinationally connected to any outputs, not a clock input)
Warning 306: Model 'GTPE2_CHANNEL_VPR' input port 'RXDLYOVRDEN' has no timing specification (no clock specified to create a sequential input port, not combinationally connected to any outputs, not a clock input)
Warning 307: Model 'GTPE2_CHANNEL_VPR' input port 'RXDLYEN' has no timing specification (no clock specified to create a sequential input port, not combinationally connected to any outputs, not a clock input)
Warning 308: Model 'GTPE2_CHANNEL_VPR' input port 'RXDLYBYPASS' has no timing specification (no clock specified to create a sequential input port, not combinationally connected to any outputs, not a clock input)
Warning 309: Model 'GTPE2_CHANNEL_VPR' input port 'RXDFEXYDEN' has no timing specification (no clock specified to create a sequential input port, not combinationally connected to any outputs, not a clock input)
Warning 310: Model 'GTPE2_CHANNEL_VPR' input port 'RXDDIEN' has no timing specification (no clock specified to create a sequential input port, not combinationally connected to any outputs, not a clock input)
Warning 311: Model 'GTPE2_CHANNEL_VPR' input port 'RXCOMMADETEN' has no timing specification (no clock specified to create a sequential input port, not combinationally connected to any outputs, not a clock input)
Warning 312: Model 'GTPE2_CHANNEL_VPR' input port 'RXCHBONDSLAVE' has no timing specification (no clock specified to create a sequential input port, not combinationally connected to any outputs, not a clock input)
Warning 313: Model 'GTPE2_CHANNEL_VPR' input port 'RXCHBONDMASTER' has no timing specification (no clock specified to create a sequential input port, not combinationally connected to any outputs, not a clock input)
Warning 314: Model 'GTPE2_CHANNEL_VPR' input port 'RXCHBONDEN' has no timing specification (no clock specified to create a sequential input port, not combinationally connected to any outputs, not a clock input)
Warning 315: Model 'GTPE2_CHANNEL_VPR' input port 'RXCDRRESETRSV' has no timing specification (no clock specified to create a sequential input port, not combinationally connected to any outputs, not a clock input)
Warning 316: Model 'GTPE2_CHANNEL_VPR' input port 'RXCDRRESET' has no timing specification (no clock specified to create a sequential input port, not combinationally connected to any outputs, not a clock input)
Warning 317: Model 'GTPE2_CHANNEL_VPR' input port 'RXCDROVRDEN' has no timing specification (no clock specified to create a sequential input port, not combinationally connected to any outputs, not a clock input)
Warning 318: Model 'GTPE2_CHANNEL_VPR' input port 'RXCDRHOLD' has no timing specification (no clock specified to create a sequential input port, not combinationally connected to any outputs, not a clock input)
Warning 319: Model 'GTPE2_CHANNEL_VPR' input port 'RXCDRFREQRESET' has no timing specification (no clock specified to create a sequential input port, not combinationally connected to any outputs, not a clock input)
Warning 320: Model 'GTPE2_CHANNEL_VPR' input port 'RXBUFRESET' has no timing specification (no clock specified to create a sequential input port, not combinationally connected to any outputs, not a clock input)
Warning 321: Model 'GTPE2_CHANNEL_VPR' input port 'RX8B10BEN' has no timing specification (no clock specified to create a sequential input port, not combinationally connected to any outputs, not a clock input)
Warning 322: Model 'GTPE2_CHANNEL_VPR' input port 'RESETOVRD' has no timing specification (no clock specified to create a sequential input port, not combinationally connected to any outputs, not a clock input)
Warning 323: Model 'GTPE2_CHANNEL_VPR' input port 'PMARSVDIN4' has no timing specification (no clock specified to create a sequential input port, not combinationally connected to any outputs, not a clock input)
Warning 324: Model 'GTPE2_CHANNEL_VPR' input port 'PMARSVDIN3' has no timing specification (no clock specified to create a sequential input port, not combinationally connected to any outputs, not a clock input)
Warning 325: Model 'GTPE2_CHANNEL_VPR' input port 'PMARSVDIN2' has no timing specification (no clock specified to create a sequential input port, not combinationally connected to any outputs, not a clock input)
Warning 326: Model 'GTPE2_CHANNEL_VPR' input port 'PMARSVDIN1' has no timing specification (no clock specified to create a sequential input port, not combinationally connected to any outputs, not a clock input)
Warning 327: Model 'GTPE2_CHANNEL_VPR' input port 'PMARSVDIN0' has no timing specification (no clock specified to create a sequential input port, not combinationally connected to any outputs, not a clock input)
Warning 328: Model 'GTPE2_CHANNEL_VPR' input port 'GTTXRESET' has no timing specification (no clock specified to create a sequential input port, not combinationally connected to any outputs, not a clock input)
Warning 329: Model 'GTPE2_CHANNEL_VPR' input port 'GTRXRESET' has no timing specification (no clock specified to create a sequential input port, not combinationally connected to any outputs, not a clock input)
Warning 330: Model 'GTPE2_CHANNEL_VPR' input port 'GTRESETSEL' has no timing specification (no clock specified to create a sequential input port, not combinationally connected to any outputs, not a clock input)
Warning 331: Model 'GTPE2_CHANNEL_VPR' input port 'GTPRXP' has no timing specification (no clock specified to create a sequential input port, not combinationally connected to any outputs, not a clock input)
Warning 332: Model 'GTPE2_CHANNEL_VPR' input port 'GTPRXN' has no timing specification (no clock specified to create a sequential input port, not combinationally connected to any outputs, not a clock input)
Warning 333: Model 'GTPE2_CHANNEL_VPR' input port 'EYESCANTRIGGER' has no timing specification (no clock specified to create a sequential input port, not combinationally connected to any outputs, not a clock input)
Warning 334: Model 'GTPE2_CHANNEL_VPR' input port 'EYESCANRESET' has no timing specification (no clock specified to create a sequential input port, not combinationally connected to any outputs, not a clock input)
Warning 335: Model 'GTPE2_CHANNEL_VPR' input port 'EYESCANMODE' has no timing specification (no clock specified to create a sequential input port, not combinationally connected to any outputs, not a clock input)
Warning 336: Model 'GTPE2_CHANNEL_VPR' input port 'DRPWE' has no timing specification (no clock specified to create a sequential input port, not combinationally connected to any outputs, not a clock input)
Warning 337: Model 'GTPE2_CHANNEL_VPR' input port 'DRPEN' has no timing specification (no clock specified to create a sequential input port, not combinationally connected to any outputs, not a clock input)
Warning 338: Model 'GTPE2_CHANNEL_VPR' input port 'DMONFIFORESET' has no timing specification (no clock specified to create a sequential input port, not combinationally connected to any outputs, not a clock input)
Warning 339: Model 'GTPE2_CHANNEL_VPR' input port 'CFGRESET' has no timing specification (no clock specified to create a sequential input port, not combinationally connected to any outputs, not a clock input)
Warning 340: Model 'GTPE2_CHANNEL_VPR' output port 'RXPHSLIPMONITOR' has no timing specification (no clock specified to create a sequential output port, not combinationally connected to any inputs, not a clock output)
Warning 341: Model 'GTPE2_CHANNEL_VPR' output port 'RXPHMONITOR' has no timing specification (no clock specified to create a sequential output port, not combinationally connected to any inputs, not a clock output)
Warning 342: Model 'GTPE2_CHANNEL_VPR' output port 'RXNOTINTABLE' has no timing specification (no clock specified to create a sequential output port, not combinationally connected to any inputs, not a clock output)
Warning 343: Model 'GTPE2_CHANNEL_VPR' output port 'RXDISPERR' has no timing specification (no clock specified to create a sequential output port, not combinationally connected to any inputs, not a clock output)
Warning 344: Model 'GTPE2_CHANNEL_VPR' output port 'RXCHBONDO' has no timing specification (no clock specified to create a sequential output port, not combinationally connected to any inputs, not a clock output)
Warning 345: Model 'GTPE2_CHANNEL_VPR' output port 'RXCHARISK' has no timing specification (no clock specified to create a sequential output port, not combinationally connected to any inputs, not a clock output)
Warning 346: Model 'GTPE2_CHANNEL_VPR' output port 'RXCHARISCOMMA' has no timing specification (no clock specified to create a sequential output port, not combinationally connected to any inputs, not a clock output)
Warning 347: Model 'GTPE2_CHANNEL_VPR' output port 'RXDATA' has no timing specification (no clock specified to create a sequential output port, not combinationally connected to any inputs, not a clock output)
Warning 348: Model 'GTPE2_CHANNEL_VPR' output port 'RXSTATUS' has no timing specification (no clock specified to create a sequential output port, not combinationally connected to any inputs, not a clock output)
Warning 349: Model 'GTPE2_CHANNEL_VPR' output port 'RXHEADER' has no timing specification (no clock specified to create a sequential output port, not combinationally connected to any inputs, not a clock output)
Warning 350: Model 'GTPE2_CHANNEL_VPR' output port 'RXBUFSTATUS' has no timing specification (no clock specified to create a sequential output port, not combinationally connected to any inputs, not a clock output)
Warning 351: Model 'GTPE2_CHANNEL_VPR' output port 'TXBUFSTATUS' has no timing specification (no clock specified to create a sequential output port, not combinationally connected to any inputs, not a clock output)
Warning 352: Model 'GTPE2_CHANNEL_VPR' output port 'RXSTARTOFSEQ' has no timing specification (no clock specified to create a sequential output port, not combinationally connected to any inputs, not a clock output)
Warning 353: Model 'GTPE2_CHANNEL_VPR' output port 'RXDATAVALID' has no timing specification (no clock specified to create a sequential output port, not combinationally connected to any inputs, not a clock output)
Warning 354: Model 'GTPE2_CHANNEL_VPR' output port 'RXCLKCORCNT' has no timing specification (no clock specified to create a sequential output port, not combinationally connected to any inputs, not a clock output)
Warning 355: Model 'GTPE2_CHANNEL_VPR' output port 'PCSRSVDOUT' has no timing specification (no clock specified to create a sequential output port, not combinationally connected to any inputs, not a clock output)
Warning 356: Model 'GTPE2_CHANNEL_VPR' output port 'DRPDO' has no timing specification (no clock specified to create a sequential output port, not combinationally connected to any inputs, not a clock output)
Warning 357: Model 'GTPE2_CHANNEL_VPR' output port 'DMONITOROUT' has no timing specification (no clock specified to create a sequential output port, not combinationally connected to any inputs, not a clock output)
Warning 358: Model 'GTPE2_CHANNEL_VPR' output port 'TXSYNCOUT' has no timing specification (no clock specified to create a sequential output port, not combinationally connected to any inputs, not a clock output)
Warning 359: Model 'GTPE2_CHANNEL_VPR' output port 'TXSYNCDONE' has no timing specification (no clock specified to create a sequential output port, not combinationally connected to any inputs, not a clock output)
Warning 360: Model 'GTPE2_CHANNEL_VPR' output port 'TXRESETDONE' has no timing specification (no clock specified to create a sequential output port, not combinationally connected to any inputs, not a clock output)
Warning 361: Model 'GTPE2_CHANNEL_VPR' output port 'TXRATEDONE' has no timing specification (no clock specified to create a sequential output port, not combinationally connected to any inputs, not a clock output)
Warning 362: Model 'GTPE2_CHANNEL_VPR' output port 'TXPMARESETDONE' has no timing specification (no clock specified to create a sequential output port, not combinationally connected to any inputs, not a clock output)
Warning 363: Model 'GTPE2_CHANNEL_VPR' output port 'TXPHINITDONE' has no timing specification (no clock specified to create a sequential output port, not combinationally connected to any inputs, not a clock output)
Warning 364: Model 'GTPE2_CHANNEL_VPR' output port 'TXPHALIGNDONE' has no timing specification (no clock specified to create a sequential output port, not combinationally connected to any inputs, not a clock output)
Warning 365: Model 'GTPE2_CHANNEL_VPR' output port 'TXOUTCLKPCS' has no timing specification (no clock specified to create a sequential output port, not combinationally connected to any inputs, not a clock output)
Warning 366: Model 'GTPE2_CHANNEL_VPR' output port 'TXOUTCLKFABRIC' has no timing specification (no clock specified to create a sequential output port, not combinationally connected to any inputs, not a clock output)
Warning 367: Model 'GTPE2_CHANNEL_VPR' output port 'TXOUTCLK' has no timing specification (no clock specified to create a sequential output port, not combinationally connected to any inputs, not a clock output)
Warning 368: Model 'GTPE2_CHANNEL_VPR' output port 'TXGEARBOXREADY' has no timing specification (no clock specified to create a sequential output port, not combinationally connected to any inputs, not a clock output)
Warning 369: Model 'GTPE2_CHANNEL_VPR' output port 'TXDLYSRESETDONE' has no timing specification (no clock specified to create a sequential output port, not combinationally connected to any inputs, not a clock output)
Warning 370: Model 'GTPE2_CHANNEL_VPR' output port 'TXCOMFINISH' has no timing specification (no clock specified to create a sequential output port, not combinationally connected to any inputs, not a clock output)
Warning 371: Model 'GTPE2_CHANNEL_VPR' output port 'RXVALID' has no timing specification (no clock specified to create a sequential output port, not combinationally connected to any inputs, not a clock output)
Warning 372: Model 'GTPE2_CHANNEL_VPR' output port 'RXSYNCOUT' has no timing specification (no clock specified to create a sequential output port, not combinationally connected to any inputs, not a clock output)
Warning 373: Model 'GTPE2_CHANNEL_VPR' output port 'RXSYNCDONE' has no timing specification (no clock specified to create a sequential output port, not combinationally connected to any inputs, not a clock output)
Warning 374: Model 'GTPE2_CHANNEL_VPR' output port 'RXRESETDONE' has no timing specification (no clock specified to create a sequential output port, not combinationally connected to any inputs, not a clock output)
Warning 375: Model 'GTPE2_CHANNEL_VPR' output port 'RXRATEDONE' has no timing specification (no clock specified to create a sequential output port, not combinationally connected to any inputs, not a clock output)
Warning 376: Model 'GTPE2_CHANNEL_VPR' output port 'RXPRBSERR' has no timing specification (no clock specified to create a sequential output port, not combinationally connected to any inputs, not a clock output)
Warning 377: Model 'GTPE2_CHANNEL_VPR' output port 'RXPMARESETDONE' has no timing specification (no clock specified to create a sequential output port, not combinationally connected to any inputs, not a clock output)
Warning 378: Model 'GTPE2_CHANNEL_VPR' output port 'RXPHALIGNDONE' has no timing specification (no clock specified to create a sequential output port, not combinationally connected to any inputs, not a clock output)
Warning 379: Model 'GTPE2_CHANNEL_VPR' output port 'RXOUTCLKPCS' has no timing specification (no clock specified to create a sequential output port, not combinationally connected to any inputs, not a clock output)
Warning 380: Model 'GTPE2_CHANNEL_VPR' output port 'RXOUTCLKFABRIC' has no timing specification (no clock specified to create a sequential output port, not combinationally connected to any inputs, not a clock output)
Warning 381: Model 'GTPE2_CHANNEL_VPR' output port 'RXOUTCLK' has no timing specification (no clock specified to create a sequential output port, not combinationally connected to any inputs, not a clock output)
Warning 382: Model 'GTPE2_CHANNEL_VPR' output port 'RXOSINTSTROBESTARTED' has no timing specification (no clock specified to create a sequential output port, not combinationally connected to any inputs, not a clock output)
Warning 383: Model 'GTPE2_CHANNEL_VPR' output port 'RXOSINTSTROBEDONE' has no timing specification (no clock specified to create a sequential output port, not combinationally connected to any inputs, not a clock output)
Warning 384: Model 'GTPE2_CHANNEL_VPR' output port 'RXOSINTSTARTED' has no timing specification (no clock specified to create a sequential output port, not combinationally connected to any inputs, not a clock output)
Warning 385: Model 'GTPE2_CHANNEL_VPR' output port 'RXOSINTDONE' has no timing specification (no clock specified to create a sequential output port, not combinationally connected to any inputs, not a clock output)
Warning 386: Model 'GTPE2_CHANNEL_VPR' output port 'RXHEADERVALID' has no timing specification (no clock specified to create a sequential output port, not combinationally connected to any inputs, not a clock output)
Warning 387: Model 'GTPE2_CHANNEL_VPR' output port 'RXELECIDLE' has no timing specification (no clock specified to create a sequential output port, not combinationally connected to any inputs, not a clock output)
Warning 388: Model 'GTPE2_CHANNEL_VPR' output port 'RXDLYSRESETDONE' has no timing specification (no clock specified to create a sequential output port, not combinationally connected to any inputs, not a clock output)
Warning 389: Model 'GTPE2_CHANNEL_VPR' output port 'RXCOMWAKEDET' has no timing specification (no clock specified to create a sequential output port, not combinationally connected to any inputs, not a clock output)
Warning 390: Model 'GTPE2_CHANNEL_VPR' output port 'RXCOMSASDET' has no timing specification (no clock specified to create a sequential output port, not combinationally connected to any inputs, not a clock output)
Warning 391: Model 'GTPE2_CHANNEL_VPR' output port 'RXCOMMADET' has no timing specification (no clock specified to create a sequential output port, not combinationally connected to any inputs, not a clock output)
Warning 392: Model 'GTPE2_CHANNEL_VPR' output port 'RXCOMINITDET' has no timing specification (no clock specified to create a sequential output port, not combinationally connected to any inputs, not a clock output)
Warning 393: Model 'GTPE2_CHANNEL_VPR' output port 'RXCHANREALIGN' has no timing specification (no clock specified to create a sequential output port, not combinationally connected to any inputs, not a clock output)
Warning 394: Model 'GTPE2_CHANNEL_VPR' output port 'RXCHANISALIGNED' has no timing specification (no clock specified to create a sequential output port, not combinationally connected to any inputs, not a clock output)
Warning 395: Model 'GTPE2_CHANNEL_VPR' output port 'RXCHANBONDSEQ' has no timing specification (no clock specified to create a sequential output port, not combinationally connected to any inputs, not a clock output)
Warning 396: Model 'GTPE2_CHANNEL_VPR' output port 'RXCDRLOCK' has no timing specification (no clock specified to create a sequential output port, not combinationally connected to any inputs, not a clock output)
Warning 397: Model 'GTPE2_CHANNEL_VPR' output port 'RXBYTEREALIGN' has no timing specification (no clock specified to create a sequential output port, not combinationally connected to any inputs, not a clock output)
Warning 398: Model 'GTPE2_CHANNEL_VPR' output port 'RXBYTEISALIGNED' has no timing specification (no clock specified to create a sequential output port, not combinationally connected to any inputs, not a clock output)
Warning 399: Model 'GTPE2_CHANNEL_VPR' output port 'PMARSVDOUT1' has no timing specification (no clock specified to create a sequential output port, not combinationally connected to any inputs, not a clock output)
Warning 400: Model 'GTPE2_CHANNEL_VPR' output port 'PMARSVDOUT0' has no timing specification (no clock specified to create a sequential output port, not combinationally connected to any inputs, not a clock output)
Warning 401: Model 'GTPE2_CHANNEL_VPR' output port 'PHYSTATUS' has no timing specification (no clock specified to create a sequential output port, not combinationally connected to any inputs, not a clock output)
Warning 402: Model 'GTPE2_CHANNEL_VPR' output port 'GTPTXP' has no timing specification (no clock specified to create a sequential output port, not combinationally connected to any inputs, not a clock output)
Warning 403: Model 'GTPE2_CHANNEL_VPR' output port 'GTPTXN' has no timing specification (no clock specified to create a sequential output port, not combinationally connected to any inputs, not a clock output)
Warning 404: Model 'GTPE2_CHANNEL_VPR' output port 'EYESCANDATAERROR' has no timing specification (no clock specified to create a sequential output port, not combinationally connected to any inputs, not a clock output)
Warning 405: Model 'GTPE2_CHANNEL_VPR' output port 'DRPRDY' has no timing specification (no clock specified to create a sequential output port, not combinationally connected to any inputs, not a clock output)
Warning 406: Model 'IBUFDS_GTE2_VPR' input port 'CEB' has no timing specification (no clock specified to create a sequential input port, not combinationally connected to any outputs, not a clock input)
Warning 407: Model 'IBUFDS_GTE2_VPR' output port 'ODIV2' has no timing specification (no clock specified to create a sequential output port, not combinationally connected to any inputs, not a clock output)
Warning 408: Model 'IBUFDS_GTE2_VPR' output port 'O' has no timing specification (no clock specified to create a sequential output port, not combinationally connected to any inputs, not a clock output)
Warning 409: Model 'IPAD_GTP_VPR' input port 'I' has no timing specification (no clock specified to create a sequential input port, not combinationally connected to any outputs, not a clock input)
Warning 410: Model 'IPAD_GTP_VPR' output port 'O' has no timing specification (no clock specified to create a sequential output port, not combinationally connected to any inputs, not a clock output)
Warning 411: Model 'OPAD_GTP_VPR' input port 'I' has no timing specification (no clock specified to create a sequential input port, not combinationally connected to any outputs, not a clock input)
Warning 412: Model 'OPAD_GTP_VPR' output port 'O' has no timing specification (no clock specified to create a sequential output port, not combinationally connected to any inputs, not a clock output)
Warning 413: Model 'PCIE_2_1_VPR' input port 'TRNTSTR' has no timing specification (no clock specified to create a sequential input port, not combinationally connected to any outputs, not a clock input)
Warning 414: Model 'PCIE_2_1_VPR' input port 'TRNTSRCRDY' has no timing specification (no clock specified to create a sequential input port, not combinationally connected to any outputs, not a clock input)
Warning 415: Model 'PCIE_2_1_VPR' input port 'TRNTSRCDSC' has no timing specification (no clock specified to create a sequential input port, not combinationally connected to any outputs, not a clock input)
Warning 416: Model 'PCIE_2_1_VPR' input port 'TRNTSOF' has no timing specification (no clock specified to create a sequential input port, not combinationally connected to any outputs, not a clock input)
Warning 417: Model 'PCIE_2_1_VPR' input port 'TRNTREM' has no timing specification (no clock specified to create a sequential input port, not combinationally connected to any outputs, not a clock input)
Warning 418: Model 'PCIE_2_1_VPR' input port 'TRNTERRFWD' has no timing specification (no clock specified to create a sequential input port, not combinationally connected to any outputs, not a clock input)
Warning 419: Model 'PCIE_2_1_VPR' input port 'TRNTEOF' has no timing specification (no clock specified to create a sequential input port, not combinationally connected to any outputs, not a clock input)
Warning 420: Model 'PCIE_2_1_VPR' input port 'TRNTECRCGEN' has no timing specification (no clock specified to create a sequential input port, not combinationally connected to any outputs, not a clock input)
Warning 421: Model 'PCIE_2_1_VPR' input port 'TRNTDLLPSRCRDY' has no timing specification (no clock specified to create a sequential input port, not combinationally connected to any outputs, not a clock input)
Warning 422: Model 'PCIE_2_1_VPR' input port 'TRNTDLLPDATA' has no timing specification (no clock specified to create a sequential input port, not combinationally connected to any outputs, not a clock input)
Warning 423: Model 'PCIE_2_1_VPR' input port 'TRNTD' has no timing specification (no clock specified to create a sequential input port, not combinationally connected to any outputs, not a clock input)
Warning 424: Model 'PCIE_2_1_VPR' input port 'TRNTCFGGNT' has no timing specification (no clock specified to create a sequential input port, not combinationally connected to any outputs, not a clock input)
Warning 425: Model 'PCIE_2_1_VPR' input port 'TRNRNPREQ' has no timing specification (no clock specified to create a sequential input port, not combinationally connected to any outputs, not a clock input)
Warning 426: Model 'PCIE_2_1_VPR' input port 'TRNRNPOK' has no timing specification (no clock specified to create a sequential input port, not combinationally connected to any outputs, not a clock input)
Warning 427: Model 'PCIE_2_1_VPR' input port 'TRNRFCPRET' has no timing specification (no clock specified to create a sequential input port, not combinationally connected to any outputs, not a clock input)
Warning 428: Model 'PCIE_2_1_VPR' input port 'TRNRDSTRDY' has no timing specification (no clock specified to create a sequential input port, not combinationally connected to any outputs, not a clock input)
Warning 429: Model 'PCIE_2_1_VPR' input port 'TRNFCSEL' has no timing specification (no clock specified to create a sequential input port, not combinationally connected to any outputs, not a clock input)
Warning 430: Model 'PCIE_2_1_VPR' input port 'TLRSTN' has no timing specification (no clock specified to create a sequential input port, not combinationally connected to any outputs, not a clock input)
Warning 431: Model 'PCIE_2_1_VPR' input port 'TL2PPMSUSPENDREQ' has no timing specification (no clock specified to create a sequential input port, not combinationally connected to any outputs, not a clock input)
Warning 432: Model 'PCIE_2_1_VPR' input port 'TL2ASPMSUSPENDCREDITCHECK' has no timing specification (no clock specified to create a sequential input port, not combinationally connected to any outputs, not a clock input)
Warning 433: Model 'PCIE_2_1_VPR' input port 'SYSRSTN' has no timing specification (no clock specified to create a sequential input port, not combinationally connected to any outputs, not a clock input)
Warning 434: Model 'PCIE_2_1_VPR' input port 'PLUPSTREAMPREFERDEEMPH' has no timing specification (no clock specified to create a sequential input port, not combinationally connected to any outputs, not a clock input)
Warning 435: Model 'PCIE_2_1_VPR' input port 'PLTRANSMITHOTRST' has no timing specification (no clock specified to create a sequential input port, not combinationally connected to any outputs, not a clock input)
Warning 436: Model 'PCIE_2_1_VPR' input port 'PLRSTN' has no timing specification (no clock specified to create a sequential input port, not combinationally connected to any outputs, not a clock input)
Warning 437: Model 'PCIE_2_1_VPR' input port 'PLDOWNSTREAMDEEMPHSOURCE' has no timing specification (no clock specified to create a sequential input port, not combinationally connected to any outputs, not a clock input)
Warning 438: Model 'PCIE_2_1_VPR' input port 'PLDIRECTEDLTSSMSTALL' has no timing specification (no clock specified to create a sequential input port, not combinationally connected to any outputs, not a clock input)
Warning 439: Model 'PCIE_2_1_VPR' input port 'PLDIRECTEDLTSSMNEWVLD' has no timing specification (no clock specified to create a sequential input port, not combinationally connected to any outputs, not a clock input)
Warning 440: Model 'PCIE_2_1_VPR' input port 'PLDIRECTEDLTSSMNEW' has no timing specification (no clock specified to create a sequential input port, not combinationally connected to any outputs, not a clock input)
Warning 441: Model 'PCIE_2_1_VPR' input port 'PLDIRECTEDLINKWIDTH' has no timing specification (no clock specified to create a sequential input port, not combinationally connected to any outputs, not a clock input)
Warning 442: Model 'PCIE_2_1_VPR' input port 'PLDIRECTEDLINKSPEED' has no timing specification (no clock specified to create a sequential input port, not combinationally connected to any outputs, not a clock input)
Warning 443: Model 'PCIE_2_1_VPR' input port 'PLDIRECTEDLINKCHANGE' has no timing specification (no clock specified to create a sequential input port, not combinationally connected to any outputs, not a clock input)
Warning 444: Model 'PCIE_2_1_VPR' input port 'PLDIRECTEDLINKAUTON' has no timing specification (no clock specified to create a sequential input port, not combinationally connected to any outputs, not a clock input)
Warning 445: Model 'PCIE_2_1_VPR' input port 'PLDBGMODE' has no timing specification (no clock specified to create a sequential input port, not combinationally connected to any outputs, not a clock input)
Warning 446: Model 'PCIE_2_1_VPR' input port 'PL2DIRECTEDLSTATE' has no timing specification (no clock specified to create a sequential input port, not combinationally connected to any outputs, not a clock input)
Warning 447: Model 'PCIE_2_1_VPR' input port 'PIPERX7VALID' has no timing specification (no clock specified to create a sequential input port, not combinationally connected to any outputs, not a clock input)
Warning 448: Model 'PCIE_2_1_VPR' input port 'PIPERX7STATUS' has no timing specification (no clock specified to create a sequential input port, not combinationally connected to any outputs, not a clock input)
Warning 449: Model 'PCIE_2_1_VPR' input port 'PIPERX7PHYSTATUS' has no timing specification (no clock specified to create a sequential input port, not combinationally connected to any outputs, not a clock input)
Warning 450: Model 'PCIE_2_1_VPR' input port 'PIPERX7ELECIDLE' has no timing specification (no clock specified to create a sequential input port, not combinationally connected to any outputs, not a clock input)
Warning 451: Model 'PCIE_2_1_VPR' input port 'PIPERX7DATA' has no timing specification (no clock specified to create a sequential input port, not combinationally connected to any outputs, not a clock input)
Warning 452: Model 'PCIE_2_1_VPR' input port 'PIPERX7CHARISK' has no timing specification (no clock specified to create a sequential input port, not combinationally connected to any outputs, not a clock input)
Warning 453: Model 'PCIE_2_1_VPR' input port 'PIPERX7CHANISALIGNED' has no timing specification (no clock specified to create a sequential input port, not combinationally connected to any outputs, not a clock input)
Warning 454: Model 'PCIE_2_1_VPR' input port 'PIPERX6VALID' has no timing specification (no clock specified to create a sequential input port, not combinationally connected to any outputs, not a clock input)
Warning 455: Model 'PCIE_2_1_VPR' input port 'PIPERX6STATUS' has no timing specification (no clock specified to create a sequential input port, not combinationally connected to any outputs, not a clock input)
Warning 456: Model 'PCIE_2_1_VPR' input port 'PIPERX6PHYSTATUS' has no timing specification (no clock specified to create a sequential input port, not combinationally connected to any outputs, not a clock input)
Warning 457: Model 'PCIE_2_1_VPR' input port 'PIPERX6ELECIDLE' has no timing specification (no clock specified to create a sequential input port, not combinationally connected to any outputs, not a clock input)
Warning 458: Model 'PCIE_2_1_VPR' input port 'PIPERX6DATA' has no timing specification (no clock specified to create a sequential input port, not combinationally connected to any outputs, not a clock input)
Warning 459: Model 'PCIE_2_1_VPR' input port 'PIPERX6CHARISK' has no timing specification (no clock specified to create a sequential input port, not combinationally connected to any outputs, not a clock input)
Warning 460: Model 'PCIE_2_1_VPR' input port 'PIPERX6CHANISALIGNED' has no timing specification (no clock specified to create a sequential input port, not combinationally connected to any outputs, not a clock input)
Warning 461: Model 'PCIE_2_1_VPR' input port 'PIPERX5VALID' has no timing specification (no clock specified to create a sequential input port, not combinationally connected to any outputs, not a clock input)
Warning 462: Model 'PCIE_2_1_VPR' input port 'PIPERX5STATUS' has no timing specification (no clock specified to create a sequential input port, not combinationally connected to any outputs, not a clock input)
Warning 463: Model 'PCIE_2_1_VPR' input port 'PIPERX5PHYSTATUS' has no timing specification (no clock specified to create a sequential input port, not combinationally connected to any outputs, not a clock input)
Warning 464: Model 'PCIE_2_1_VPR' input port 'PIPERX5ELECIDLE' has no timing specification (no clock specified to create a sequential input port, not combinationally connected to any outputs, not a clock input)
Warning 465: Model 'PCIE_2_1_VPR' input port 'PIPERX5DATA' has no timing specification (no clock specified to create a sequential input port, not combinationally connected to any outputs, not a clock input)
Warning 466: Model 'PCIE_2_1_VPR' input port 'PIPERX5CHARISK' has no timing specification (no clock specified to create a sequential input port, not combinationally connected to any outputs, not a clock input)
Warning 467: Model 'PCIE_2_1_VPR' input port 'PIPERX5CHANISALIGNED' has no timing specification (no clock specified to create a sequential input port, not combinationally connected to any outputs, not a clock input)
Warning 468: Model 'PCIE_2_1_VPR' input port 'PIPERX4VALID' has no timing specification (no clock specified to create a sequential input port, not combinationally connected to any outputs, not a clock input)
Warning 469: Model 'PCIE_2_1_VPR' input port 'PIPERX4STATUS' has no timing specification (no clock specified to create a sequential input port, not combinationally connected to any outputs, not a clock input)
Warning 470: Model 'PCIE_2_1_VPR' input port 'PIPERX4PHYSTATUS' has no timing specification (no clock specified to create a sequential input port, not combinationally connected to any outputs, not a clock input)
Warning 471: Model 'PCIE_2_1_VPR' input port 'PIPERX4ELECIDLE' has no timing specification (no clock specified to create a sequential input port, not combinationally connected to any outputs, not a clock input)
Warning 472: Model 'PCIE_2_1_VPR' input port 'PIPERX4DATA' has no timing specification (no clock specified to create a sequential input port, not combinationally connected to any outputs, not a clock input)
Warning 473: Model 'PCIE_2_1_VPR' input port 'PIPERX4CHARISK' has no timing specification (no clock specified to create a sequential input port, not combinationally connected to any outputs, not a clock input)
Warning 474: Model 'PCIE_2_1_VPR' input port 'PIPERX4CHANISALIGNED' has no timing specification (no clock specified to create a sequential input port, not combinationally connected to any outputs, not a clock input)
Warning 475: Model 'PCIE_2_1_VPR' input port 'PIPERX3VALID' has no timing specification (no clock specified to create a sequential input port, not combinationally connected to any outputs, not a clock input)
Warning 476: Model 'PCIE_2_1_VPR' input port 'PIPERX3STATUS' has no timing specification (no clock specified to create a sequential input port, not combinationally connected to any outputs, not a clock input)
Warning 477: Model 'PCIE_2_1_VPR' input port 'PIPERX3PHYSTATUS' has no timing specification (no clock specified to create a sequential input port, not combinationally connected to any outputs, not a clock input)
Warning 478: Model 'PCIE_2_1_VPR' input port 'PIPERX3ELECIDLE' has no timing specification (no clock specified to create a sequential input port, not combinationally connected to any outputs, not a clock input)
Warning 479: Model 'PCIE_2_1_VPR' input port 'PIPERX3DATA' has no timing specification (no clock specified to create a sequential input port, not combinationally connected to any outputs, not a clock input)
Warning 480: Model 'PCIE_2_1_VPR' input port 'PIPERX3CHARISK' has no timing specification (no clock specified to create a sequential input port, not combinationally connected to any outputs, not a clock input)
Warning 481: Model 'PCIE_2_1_VPR' input port 'PIPERX3CHANISALIGNED' has no timing specification (no clock specified to create a sequential input port, not combinationally connected to any outputs, not a clock input)
Warning 482: Model 'PCIE_2_1_VPR' input port 'PIPERX2VALID' has no timing specification (no clock specified to create a sequential input port, not combinationally connected to any outputs, not a clock input)
Warning 483: Model 'PCIE_2_1_VPR' input port 'PIPERX2STATUS' has no timing specification (no clock specified to create a sequential input port, not combinationally connected to any outputs, not a clock input)
Warning 484: Model 'PCIE_2_1_VPR' input port 'PIPERX2PHYSTATUS' has no timing specification (no clock specified to create a sequential input port, not combinationally connected to any outputs, not a clock input)
Warning 485: Model 'PCIE_2_1_VPR' input port 'PIPERX2ELECIDLE' has no timing specification (no clock specified to create a sequential input port, not combinationally connected to any outputs, not a clock input)
Warning 486: Model 'PCIE_2_1_VPR' input port 'PIPERX2DATA' has no timing specification (no clock specified to create a sequential input port, not combinationally connected to any outputs, not a clock input)
Warning 487: Model 'PCIE_2_1_VPR' input port 'PIPERX2CHARISK' has no timing specification (no clock specified to create a sequential input port, not combinationally connected to any outputs, not a clock input)
Warning 488: Model 'PCIE_2_1_VPR' input port 'PIPERX2CHANISALIGNED' has no timing specification (no clock specified to create a sequential input port, not combinationally connected to any outputs, not a clock input)
Warning 489: Model 'PCIE_2_1_VPR' input port 'PIPERX1VALID' has no timing specification (no clock specified to create a sequential input port, not combinationally connected to any outputs, not a clock input)
Warning 490: Model 'PCIE_2_1_VPR' input port 'PIPERX1STATUS' has no timing specification (no clock specified to create a sequential input port, not combinationally connected to any outputs, not a clock input)
Warning 491: Model 'PCIE_2_1_VPR' input port 'PIPERX1PHYSTATUS' has no timing specification (no clock specified to create a sequential input port, not combinationally connected to any outputs, not a clock input)
Warning 492: Model 'PCIE_2_1_VPR' input port 'PIPERX1ELECIDLE' has no timing specification (no clock specified to create a sequential input port, not combinationally connected to any outputs, not a clock input)
Warning 493: Model 'PCIE_2_1_VPR' input port 'PIPERX1DATA' has no timing specification (no clock specified to create a sequential input port, not combinationally connected to any outputs, not a clock input)
Warning 494: Model 'PCIE_2_1_VPR' input port 'PIPERX1CHARISK' has no timing specification (no clock specified to create a sequential input port, not combinationally connected to any outputs, not a clock input)
Warning 495: Model 'PCIE_2_1_VPR' input port 'PIPERX1CHANISALIGNED' has no timing specification (no clock specified to create a sequential input port, not combinationally connected to any outputs, not a clock input)
Warning 496: Model 'PCIE_2_1_VPR' input port 'PIPERX0VALID' has no timing specification (no clock specified to create a sequential input port, not combinationally connected to any outputs, not a clock input)
Warning 497: Model 'PCIE_2_1_VPR' input port 'PIPERX0STATUS' has no timing specification (no clock specified to create a sequential input port, not combinationally connected to any outputs, not a clock input)
Warning 498: Model 'PCIE_2_1_VPR' input port 'PIPERX0PHYSTATUS' has no timing specification (no clock specified to create a sequential input port, not combinationally connected to any outputs, not a clock input)
Warning 499: Model 'PCIE_2_1_VPR' input port 'PIPERX0ELECIDLE' has no timing specification (no clock specified to create a sequential input port, not combinationally connected to any outputs, not a clock input)
Warning 500: Model 'PCIE_2_1_VPR' input port 'PIPERX0DATA' has no timing specification (no clock specified to create a sequential input port, not combinationally connected to any outputs, not a clock input)
Warning 501: Model 'PCIE_2_1_VPR' input port 'PIPERX0CHARISK' has no timing specification (no clock specified to create a sequential input port, not combinationally connected to any outputs, not a clock input)
Warning 502: Model 'PCIE_2_1_VPR' input port 'PIPERX0CHANISALIGNED' has no timing specification (no clock specified to create a sequential input port, not combinationally connected to any outputs, not a clock input)
Warning 503: Model 'PCIE_2_1_VPR' input port 'MIMTXRDATA' has no timing specification (no clock specified to create a sequential input port, not combinationally connected to any outputs, not a clock input)
Warning 504: Model 'PCIE_2_1_VPR' input port 'MIMRXRDATA' has no timing specification (no clock specified to create a sequential input port, not combinationally connected to any outputs, not a clock input)
Warning 505: Model 'PCIE_2_1_VPR' input port 'LL2TLPRCV' has no timing specification (no clock specified to create a sequential input port, not combinationally connected to any outputs, not a clock input)
Warning 506: Model 'PCIE_2_1_VPR' input port 'LL2SUSPENDNOW' has no timing specification (no clock specified to create a sequential input port, not combinationally connected to any outputs, not a clock input)
Warning 507: Model 'PCIE_2_1_VPR' input port 'LL2SENDPMACK' has no timing specification (no clock specified to create a sequential input port, not combinationally connected to any outputs, not a clock input)
Warning 508: Model 'PCIE_2_1_VPR' input port 'LL2SENDENTERL23' has no timing specification (no clock specified to create a sequential input port, not combinationally connected to any outputs, not a clock input)
Warning 509: Model 'PCIE_2_1_VPR' input port 'LL2SENDENTERL1' has no timing specification (no clock specified to create a sequential input port, not combinationally connected to any outputs, not a clock input)
Warning 510: Model 'PCIE_2_1_VPR' input port 'LL2SENDASREQL1' has no timing specification (no clock specified to create a sequential input port, not combinationally connected to any outputs, not a clock input)
Warning 511: Model 'PCIE_2_1_VPR' input port 'FUNCLVLRSTN' has no timing specification (no clock specified to create a sequential input port, not combinationally connected to any outputs, not a clock input)
Warning 512: Model 'PCIE_2_1_VPR' input port 'DRPWE' has no timing specification (no clock specified to create a sequential input port, not combinationally connected to any outputs, not a clock input)
Warning 513: Model 'PCIE_2_1_VPR' input port 'DRPEN' has no timing specification (no clock specified to create a sequential input port, not combinationally connected to any outputs, not a clock input)
Warning 514: Model 'PCIE_2_1_VPR' input port 'DRPDI' has no timing specification (no clock specified to create a sequential input port, not combinationally connected to any outputs, not a clock input)
Warning 515: Model 'PCIE_2_1_VPR' input port 'DRPADDR' has no timing specification (no clock specified to create a sequential input port, not combinationally connected to any outputs, not a clock input)
Warning 516: Model 'PCIE_2_1_VPR' input port 'DLRSTN' has no timing specification (no clock specified to create a sequential input port, not combinationally connected to any outputs, not a clock input)
Warning 517: Model 'PCIE_2_1_VPR' input port 'DBGSUBMODE' has no timing specification (no clock specified to create a sequential input port, not combinationally connected to any outputs, not a clock input)
Warning 518: Model 'PCIE_2_1_VPR' input port 'DBGMODE' has no timing specification (no clock specified to create a sequential input port, not combinationally connected to any outputs, not a clock input)
Warning 519: Model 'PCIE_2_1_VPR' input port 'CMSTICKYRSTN' has no timing specification (no clock specified to create a sequential input port, not combinationally connected to any outputs, not a clock input)
Warning 520: Model 'PCIE_2_1_VPR' input port 'CMRSTN' has no timing specification (no clock specified to create a sequential input port, not combinationally connected to any outputs, not a clock input)
Warning 521: Model 'PCIE_2_1_VPR' input port 'CFGVENDID' has no timing specification (no clock specified to create a sequential input port, not combinationally connected to any outputs, not a clock input)
Warning 522: Model 'PCIE_2_1_VPR' input port 'CFGTRNPENDINGN' has no timing specification (no clock specified to create a sequential input port, not combinationally connected to any outputs, not a clock input)
Warning 523: Model 'PCIE_2_1_VPR' input port 'CFGSUBSYSVENDID' has no timing specification (no clock specified to create a sequential input port, not combinationally connected to any outputs, not a clock input)
Warning 524: Model 'PCIE_2_1_VPR' input port 'CFGSUBSYSID' has no timing specification (no clock specified to create a sequential input port, not combinationally connected to any outputs, not a clock input)
Warning 525: Model 'PCIE_2_1_VPR' input port 'CFGREVID' has no timing specification (no clock specified to create a sequential input port, not combinationally connected to any outputs, not a clock input)
Warning 526: Model 'PCIE_2_1_VPR' input port 'CFGPORTNUMBER' has no timing specification (no clock specified to create a sequential input port, not combinationally connected to any outputs, not a clock input)
Warning 527: Model 'PCIE_2_1_VPR' input port 'CFGPMWAKEN' has no timing specification (no clock specified to create a sequential input port, not combinationally connected to any outputs, not a clock input)
Warning 528: Model 'PCIE_2_1_VPR' input port 'CFGPMTURNOFFOKN' has no timing specification (no clock specified to create a sequential input port, not combinationally connected to any outputs, not a clock input)
Warning 529: Model 'PCIE_2_1_VPR' input port 'CFGPMSENDPMETON' has no timing specification (no clock specified to create a sequential input port, not combinationally connected to any outputs, not a clock input)
Warning 530: Model 'PCIE_2_1_VPR' input port 'CFGPMHALTASPML1N' has no timing specification (no clock specified to create a sequential input port, not combinationally connected to any outputs, not a clock input)
Warning 531: Model 'PCIE_2_1_VPR' input port 'CFGPMHALTASPML0SN' has no timing specification (no clock specified to create a sequential input port, not combinationally connected to any outputs, not a clock input)
Warning 532: Model 'PCIE_2_1_VPR' input port 'CFGPMFORCESTATEENN' has no timing specification (no clock specified to create a sequential input port, not combinationally connected to any outputs, not a clock input)
Warning 533: Model 'PCIE_2_1_VPR' input port 'CFGPMFORCESTATE' has no timing specification (no clock specified to create a sequential input port, not combinationally connected to any outputs, not a clock input)
Warning 534: Model 'PCIE_2_1_VPR' input port 'CFGPCIECAPINTERRUPTMSGNUM' has no timing specification (no clock specified to create a sequential input port, not combinationally connected to any outputs, not a clock input)
Warning 535: Model 'PCIE_2_1_VPR' input port 'CFGMGMTWRRW1CASRWN' has no timing specification (no clock specified to create a sequential input port, not combinationally connected to any outputs, not a clock input)
Warning 536: Model 'PCIE_2_1_VPR' input port 'CFGMGMTWRREADONLYN' has no timing specification (no clock specified to create a sequential input port, not combinationally connected to any outputs, not a clock input)
Warning 537: Model 'PCIE_2_1_VPR' input port 'CFGMGMTWRENN' has no timing specification (no clock specified to create a sequential input port, not combinationally connected to any outputs, not a clock input)
Warning 538: Model 'PCIE_2_1_VPR' input port 'CFGMGMTRDENN' has no timing specification (no clock specified to create a sequential input port, not combinationally connected to any outputs, not a clock input)
Warning 539: Model 'PCIE_2_1_VPR' input port 'CFGMGMTDWADDR' has no timing specification (no clock specified to create a sequential input port, not combinationally connected to any outputs, not a clock input)
Warning 540: Model 'PCIE_2_1_VPR' input port 'CFGMGMTDI' has no timing specification (no clock specified to create a sequential input port, not combinationally connected to any outputs, not a clock input)
Warning 541: Model 'PCIE_2_1_VPR' input port 'CFGMGMTBYTEENN' has no timing specification (no clock specified to create a sequential input port, not combinationally connected to any outputs, not a clock input)
Warning 542: Model 'PCIE_2_1_VPR' input port 'CFGINTERRUPTSTATN' has no timing specification (no clock specified to create a sequential input port, not combinationally connected to any outputs, not a clock input)
Warning 543: Model 'PCIE_2_1_VPR' input port 'CFGINTERRUPTN' has no timing specification (no clock specified to create a sequential input port, not combinationally connected to any outputs, not a clock input)
Warning 544: Model 'PCIE_2_1_VPR' input port 'CFGINTERRUPTDI' has no timing specification (no clock specified to create a sequential input port, not combinationally connected to any outputs, not a clock input)
Warning 545: Model 'PCIE_2_1_VPR' input port 'CFGINTERRUPTASSERTN' has no timing specification (no clock specified to create a sequential input port, not combinationally connected to any outputs, not a clock input)
Warning 546: Model 'PCIE_2_1_VPR' input port 'CFGFORCEMPS' has no timing specification (no clock specified to create a sequential input port, not combinationally connected to any outputs, not a clock input)
Warning 547: Model 'PCIE_2_1_VPR' input port 'CFGFORCEEXTENDEDSYNCON' has no timing specification (no clock specified to create a sequential input port, not combinationally connected to any outputs, not a clock input)
Warning 548: Model 'PCIE_2_1_VPR' input port 'CFGFORCECOMMONCLOCKOFF' has no timing specification (no clock specified to create a sequential input port, not combinationally connected to any outputs, not a clock input)
Warning 549: Model 'PCIE_2_1_VPR' input port 'CFGERRURN' has no timing specification (no clock specified to create a sequential input port, not combinationally connected to any outputs, not a clock input)
Warning 550: Model 'PCIE_2_1_VPR' input port 'CFGERRTLPCPLHEADER' has no timing specification (no clock specified to create a sequential input port, not combinationally connected to any outputs, not a clock input)
Warning 551: Model 'PCIE_2_1_VPR' input port 'CFGERRPOSTEDN' has no timing specification (no clock specified to create a sequential input port, not combinationally connected to any outputs, not a clock input)
Warning 552: Model 'PCIE_2_1_VPR' input port 'CFGERRPOISONEDN' has no timing specification (no clock specified to create a sequential input port, not combinationally connected to any outputs, not a clock input)
Warning 553: Model 'PCIE_2_1_VPR' input port 'CFGERRNORECOVERYN' has no timing specification (no clock specified to create a sequential input port, not combinationally connected to any outputs, not a clock input)
Warning 554: Model 'PCIE_2_1_VPR' input port 'CFGERRMCBLOCKEDN' has no timing specification (no clock specified to create a sequential input port, not combinationally connected to any outputs, not a clock input)
Warning 555: Model 'PCIE_2_1_VPR' input port 'CFGERRMALFORMEDN' has no timing specification (no clock specified to create a sequential input port, not combinationally connected to any outputs, not a clock input)
Warning 556: Model 'PCIE_2_1_VPR' input port 'CFGERRLOCKEDN' has no timing specification (no clock specified to create a sequential input port, not combinationally connected to any outputs, not a clock input)
Warning 557: Model 'PCIE_2_1_VPR' input port 'CFGERRINTERNALUNCORN' has no timing specification (no clock specified to create a sequential input port, not combinationally connected to any outputs, not a clock input)
Warning 558: Model 'PCIE_2_1_VPR' input port 'CFGERRINTERNALCORN' has no timing specification (no clock specified to create a sequential input port, not combinationally connected to any outputs, not a clock input)
Warning 559: Model 'PCIE_2_1_VPR' input port 'CFGERRECRCN' has no timing specification (no clock specified to create a sequential input port, not combinationally connected to any outputs, not a clock input)
Warning 560: Model 'PCIE_2_1_VPR' input port 'CFGERRCPLUNEXPECTN' has no timing specification (no clock specified to create a sequential input port, not combinationally connected to any outputs, not a clock input)
Warning 561: Model 'PCIE_2_1_VPR' input port 'CFGERRCPLTIMEOUTN' has no timing specification (no clock specified to create a sequential input port, not combinationally connected to any outputs, not a clock input)
Warning 562: Model 'PCIE_2_1_VPR' input port 'CFGERRCPLABORTN' has no timing specification (no clock specified to create a sequential input port, not combinationally connected to any outputs, not a clock input)
Warning 563: Model 'PCIE_2_1_VPR' input port 'CFGERRCORN' has no timing specification (no clock specified to create a sequential input port, not combinationally connected to any outputs, not a clock input)
Warning 564: Model 'PCIE_2_1_VPR' input port 'CFGERRATOMICEGRESSBLOCKEDN' has no timing specification (no clock specified to create a sequential input port, not combinationally connected to any outputs, not a clock input)
Warning 565: Model 'PCIE_2_1_VPR' input port 'CFGERRAERHEADERLOG' has no timing specification (no clock specified to create a sequential input port, not combinationally connected to any outputs, not a clock input)
Warning 566: Model 'PCIE_2_1_VPR' input port 'CFGERRACSN' has no timing specification (no clock specified to create a sequential input port, not combinationally connected to any outputs, not a clock input)
Warning 567: Model 'PCIE_2_1_VPR' input port 'CFGDSN' has no timing specification (no clock specified to create a sequential input port, not combinationally connected to any outputs, not a clock input)
Warning 568: Model 'PCIE_2_1_VPR' input port 'CFGDSFUNCTIONNUMBER' has no timing specification (no clock specified to create a sequential input port, not combinationally connected to any outputs, not a clock input)
Warning 569: Model 'PCIE_2_1_VPR' input port 'CFGDSDEVICENUMBER' has no timing specification (no clock specified to create a sequential input port, not combinationally connected to any outputs, not a clock input)
Warning 570: Model 'PCIE_2_1_VPR' input port 'CFGDSBUSNUMBER' has no timing specification (no clock specified to create a sequential input port, not combinationally connected to any outputs, not a clock input)
Warning 571: Model 'PCIE_2_1_VPR' input port 'CFGDEVID' has no timing specification (no clock specified to create a sequential input port, not combinationally connected to any outputs, not a clock input)
Warning 572: Model 'PCIE_2_1_VPR' input port 'CFGAERINTERRUPTMSGNUM' has no timing specification (no clock specified to create a sequential input port, not combinationally connected to any outputs, not a clock input)
Warning 573: Model 'PCIE_2_1_VPR' output port 'USERRSTN' has no timing specification (no clock specified to create a sequential output port, not combinationally connected to any inputs, not a clock output)
Warning 574: Model 'PCIE_2_1_VPR' output port 'TRNTERRDROP' has no timing specification (no clock specified to create a sequential output port, not combinationally connected to any inputs, not a clock output)
Warning 575: Model 'PCIE_2_1_VPR' output port 'TRNTDSTRDY' has no timing specification (no clock specified to create a sequential output port, not combinationally connected to any inputs, not a clock output)
Warning 576: Model 'PCIE_2_1_VPR' output port 'TRNTDLLPDSTRDY' has no timing specification (no clock specified to create a sequential output port, not combinationally connected to any inputs, not a clock output)
Warning 577: Model 'PCIE_2_1_VPR' output port 'TRNTCFGREQ' has no timing specification (no clock specified to create a sequential output port, not combinationally connected to any inputs, not a clock output)
Warning 578: Model 'PCIE_2_1_VPR' output port 'TRNTBUFAV' has no timing specification (no clock specified to create a sequential output port, not combinationally connected to any inputs, not a clock output)
Warning 579: Model 'PCIE_2_1_VPR' output port 'TRNRSRCRDY' has no timing specification (no clock specified to create a sequential output port, not combinationally connected to any inputs, not a clock output)
Warning 580: Model 'PCIE_2_1_VPR' output port 'TRNRSRCDSC' has no timing specification (no clock specified to create a sequential output port, not combinationally connected to any inputs, not a clock output)
Warning 581: Model 'PCIE_2_1_VPR' output port 'TRNRSOF' has no timing specification (no clock specified to create a sequential output port, not combinationally connected to any inputs, not a clock output)
Warning 582: Model 'PCIE_2_1_VPR' output port 'TRNRREM' has no timing specification (no clock specified to create a sequential output port, not combinationally connected to any inputs, not a clock output)
Warning 583: Model 'PCIE_2_1_VPR' output port 'TRNRERRFWD' has no timing specification (no clock specified to create a sequential output port, not combinationally connected to any inputs, not a clock output)
Warning 584: Model 'PCIE_2_1_VPR' output port 'TRNREOF' has no timing specification (no clock specified to create a sequential output port, not combinationally connected to any inputs, not a clock output)
Warning 585: Model 'PCIE_2_1_VPR' output port 'TRNRECRCERR' has no timing specification (no clock specified to create a sequential output port, not combinationally connected to any inputs, not a clock output)
Warning 586: Model 'PCIE_2_1_VPR' output port 'TRNRDLLPSRCRDY' has no timing specification (no clock specified to create a sequential output port, not combinationally connected to any inputs, not a clock output)
Warning 587: Model 'PCIE_2_1_VPR' output port 'TRNRDLLPDATA' has no timing specification (no clock specified to create a sequential output port, not combinationally connected to any inputs, not a clock output)
Warning 588: Model 'PCIE_2_1_VPR' output port 'TRNRD' has no timing specification (no clock specified to create a sequential output port, not combinationally connected to any inputs, not a clock output)
Warning 589: Model 'PCIE_2_1_VPR' output port 'TRNRBARHIT' has no timing specification (no clock specified to create a sequential output port, not combinationally connected to any inputs, not a clock output)
Warning 590: Model 'PCIE_2_1_VPR' output port 'TRNLNKUP' has no timing specification (no clock specified to create a sequential output port, not combinationally connected to any inputs, not a clock output)
Warning 591: Model 'PCIE_2_1_VPR' output port 'TRNFCPH' has no timing specification (no clock specified to create a sequential output port, not combinationally connected to any inputs, not a clock output)
Warning 592: Model 'PCIE_2_1_VPR' output port 'TRNFCPD' has no timing specification (no clock specified to create a sequential output port, not combinationally connected to any inputs, not a clock output)
Warning 593: Model 'PCIE_2_1_VPR' output port 'TRNFCNPH' has no timing specification (no clock specified to create a sequential output port, not combinationally connected to any inputs, not a clock output)
Warning 594: Model 'PCIE_2_1_VPR' output port 'TRNFCNPD' has no timing specification (no clock specified to create a sequential output port, not combinationally connected to any inputs, not a clock output)
Warning 595: Model 'PCIE_2_1_VPR' output port 'TRNFCCPLH' has no timing specification (no clock specified to create a sequential output port, not combinationally connected to any inputs, not a clock output)
Warning 596: Model 'PCIE_2_1_VPR' output port 'TRNFCCPLD' has no timing specification (no clock specified to create a sequential output port, not combinationally connected to any inputs, not a clock output)
Warning 597: Model 'PCIE_2_1_VPR' output port 'TL2PPMSUSPENDOK' has no timing specification (no clock specified to create a sequential output port, not combinationally connected to any inputs, not a clock output)
Warning 598: Model 'PCIE_2_1_VPR' output port 'TL2ERRRXOVERFLOW' has no timing specification (no clock specified to create a sequential output port, not combinationally connected to any inputs, not a clock output)
Warning 599: Model 'PCIE_2_1_VPR' output port 'TL2ERRMALFORMED' has no timing specification (no clock specified to create a sequential output port, not combinationally connected to any inputs, not a clock output)
Warning 600: Model 'PCIE_2_1_VPR' output port 'TL2ERRHDR' has no timing specification (no clock specified to create a sequential output port, not combinationally connected to any inputs, not a clock output)
Warning 601: Model 'PCIE_2_1_VPR' output port 'TL2ERRFCPE' has no timing specification (no clock specified to create a sequential output port, not combinationally connected to any inputs, not a clock output)
Warning 602: Model 'PCIE_2_1_VPR' output port 'TL2ASPMSUSPENDREQ' has no timing specification (no clock specified to create a sequential output port, not combinationally connected to any inputs, not a clock output)
Warning 603: Model 'PCIE_2_1_VPR' output port 'TL2ASPMSUSPENDCREDITCHECKOK' has no timing specification (no clock specified to create a sequential output port, not combinationally connected to any inputs, not a clock output)
Warning 604: Model 'PCIE_2_1_VPR' output port 'RECEIVEDFUNCLVLRSTN' has no timing specification (no clock specified to create a sequential output port, not combinationally connected to any inputs, not a clock output)
Warning 605: Model 'PCIE_2_1_VPR' output port 'PLTXPMSTATE' has no timing specification (no clock specified to create a sequential output port, not combinationally connected to any inputs, not a clock output)
Warning 606: Model 'PCIE_2_1_VPR' output port 'PLSELLNKWIDTH' has no timing specification (no clock specified to create a sequential output port, not combinationally connected to any inputs, not a clock output)
Warning 607: Model 'PCIE_2_1_VPR' output port 'PLSELLNKRATE' has no timing specification (no clock specified to create a sequential output port, not combinationally connected to any inputs, not a clock output)
Warning 608: Model 'PCIE_2_1_VPR' output port 'PLRXPMSTATE' has no timing specification (no clock specified to create a sequential output port, not combinationally connected to any inputs, not a clock output)
Warning 609: Model 'PCIE_2_1_VPR' output port 'PLRECEIVEDHOTRST' has no timing specification (no clock specified to create a sequential output port, not combinationally connected to any inputs, not a clock output)
Warning 610: Model 'PCIE_2_1_VPR' output port 'PLPHYLNKUPN' has no timing specification (no clock specified to create a sequential output port, not combinationally connected to any inputs, not a clock output)
Warning 611: Model 'PCIE_2_1_VPR' output port 'PLLTSSMSTATE' has no timing specification (no clock specified to create a sequential output port, not combinationally connected to any inputs, not a clock output)
Warning 612: Model 'PCIE_2_1_VPR' output port 'PLLINKUPCFGCAP' has no timing specification (no clock specified to create a sequential output port, not combinationally connected to any inputs, not a clock output)
Warning 613: Model 'PCIE_2_1_VPR' output port 'PLLINKPARTNERGEN2SUPPORTED' has no timing specification (no clock specified to create a sequential output port, not combinationally connected to any inputs, not a clock output)
Warning 614: Model 'PCIE_2_1_VPR' output port 'PLLINKGEN2CAP' has no timing specification (no clock specified to create a sequential output port, not combinationally connected to any inputs, not a clock output)
Warning 615: Model 'PCIE_2_1_VPR' output port 'PLLANEREVERSALMODE' has no timing specification (no clock specified to create a sequential output port, not combinationally connected to any inputs, not a clock output)
Warning 616: Model 'PCIE_2_1_VPR' output port 'PLINITIALLINKWIDTH' has no timing specification (no clock specified to create a sequential output port, not combinationally connected to any inputs, not a clock output)
Warning 617: Model 'PCIE_2_1_VPR' output port 'PLDIRECTEDCHANGEDONE' has no timing specification (no clock specified to create a sequential output port, not combinationally connected to any inputs, not a clock output)
Warning 618: Model 'PCIE_2_1_VPR' output port 'PLDBGVEC' has no timing specification (no clock specified to create a sequential output port, not combinationally connected to any inputs, not a clock output)
Warning 619: Model 'PCIE_2_1_VPR' output port 'PL2SUSPENDOK' has no timing specification (no clock specified to create a sequential output port, not combinationally connected to any inputs, not a clock output)
Warning 620: Model 'PCIE_2_1_VPR' output port 'PL2RXPMSTATE' has no timing specification (no clock specified to create a sequential output port, not combinationally connected to any inputs, not a clock output)
Warning 621: Model 'PCIE_2_1_VPR' output port 'PL2RXELECIDLE' has no timing specification (no clock specified to create a sequential output port, not combinationally connected to any inputs, not a clock output)
Warning 622: Model 'PCIE_2_1_VPR' output port 'PL2RECOVERY' has no timing specification (no clock specified to create a sequential output port, not combinationally connected to any inputs, not a clock output)
Warning 623: Model 'PCIE_2_1_VPR' output port 'PL2RECEIVERERR' has no timing specification (no clock specified to create a sequential output port, not combinationally connected to any inputs, not a clock output)
Warning 624: Model 'PCIE_2_1_VPR' output port 'PL2LINKUP' has no timing specification (no clock specified to create a sequential output port, not combinationally connected to any inputs, not a clock output)
Warning 625: Model 'PCIE_2_1_VPR' output port 'PL2L0REQ' has no timing specification (no clock specified to create a sequential output port, not combinationally connected to any inputs, not a clock output)
Warning 626: Model 'PCIE_2_1_VPR' output port 'PIPETXRESET' has no timing specification (no clock specified to create a sequential output port, not combinationally connected to any inputs, not a clock output)
Warning 627: Model 'PCIE_2_1_VPR' output port 'PIPETXRCVRDET' has no timing specification (no clock specified to create a sequential output port, not combinationally connected to any inputs, not a clock output)
Warning 628: Model 'PCIE_2_1_VPR' output port 'PIPETXRATE' has no timing specification (no clock specified to create a sequential output port, not combinationally connected to any inputs, not a clock output)
Warning 629: Model 'PCIE_2_1_VPR' output port 'PIPETXMARGIN' has no timing specification (no clock specified to create a sequential output port, not combinationally connected to any inputs, not a clock output)
Warning 630: Model 'PCIE_2_1_VPR' output port 'PIPETXDEEMPH' has no timing specification (no clock specified to create a sequential output port, not combinationally connected to any inputs, not a clock output)
Warning 631: Model 'PCIE_2_1_VPR' output port 'PIPETX7POWERDOWN' has no timing specification (no clock specified to create a sequential output port, not combinationally connected to any inputs, not a clock output)
Warning 632: Model 'PCIE_2_1_VPR' output port 'PIPETX7ELECIDLE' has no timing specification (no clock specified to create a sequential output port, not combinationally connected to any inputs, not a clock output)
Warning 633: Model 'PCIE_2_1_VPR' output port 'PIPETX7DATA' has no timing specification (no clock specified to create a sequential output port, not combinationally connected to any inputs, not a clock output)
Warning 634: Model 'PCIE_2_1_VPR' output port 'PIPETX7COMPLIANCE' has no timing specification (no clock specified to create a sequential output port, not combinationally connected to any inputs, not a clock output)
Warning 635: Model 'PCIE_2_1_VPR' output port 'PIPETX7CHARISK' has no timing specification (no clock specified to create a sequential output port, not combinationally connected to any inputs, not a clock output)
Warning 636: Model 'PCIE_2_1_VPR' output port 'PIPETX6POWERDOWN' has no timing specification (no clock specified to create a sequential output port, not combinationally connected to any inputs, not a clock output)
Warning 637: Model 'PCIE_2_1_VPR' output port 'PIPETX6ELECIDLE' has no timing specification (no clock specified to create a sequential output port, not combinationally connected to any inputs, not a clock output)
Warning 638: Model 'PCIE_2_1_VPR' output port 'PIPETX6DATA' has no timing specification (no clock specified to create a sequential output port, not combinationally connected to any inputs, not a clock output)
Warning 639: Model 'PCIE_2_1_VPR' output port 'PIPETX6COMPLIANCE' has no timing specification (no clock specified to create a sequential output port, not combinationally connected to any inputs, not a clock output)
Warning 640: Model 'PCIE_2_1_VPR' output port 'PIPETX6CHARISK' has no timing specification (no clock specified to create a sequential output port, not combinationally connected to any inputs, not a clock output)
Warning 641: Model 'PCIE_2_1_VPR' output port 'PIPETX5POWERDOWN' has no timing specification (no clock specified to create a sequential output port, not combinationally connected to any inputs, not a clock output)
Warning 642: Model 'PCIE_2_1_VPR' output port 'PIPETX5ELECIDLE' has no timing specification (no clock specified to create a sequential output port, not combinationally connected to any inputs, not a clock output)
Warning 643: Model 'PCIE_2_1_VPR' output port 'PIPETX5DATA' has no timing specification (no clock specified to create a sequential output port, not combinationally connected to any inputs, not a clock output)
Warning 644: Model 'PCIE_2_1_VPR' output port 'PIPETX5COMPLIANCE' has no timing specification (no clock specified to create a sequential output port, not combinationally connected to any inputs, not a clock output)
Warning 645: Model 'PCIE_2_1_VPR' output port 'PIPETX5CHARISK' has no timing specification (no clock specified to create a sequential output port, not combinationally connected to any inputs, not a clock output)
Warning 646: Model 'PCIE_2_1_VPR' output port 'PIPETX4POWERDOWN' has no timing specification (no clock specified to create a sequential output port, not combinationally connected to any inputs, not a clock output)
Warning 647: Model 'PCIE_2_1_VPR' output port 'PIPETX4ELECIDLE' has no timing specification (no clock specified to create a sequential output port, not combinationally connected to any inputs, not a clock output)
Warning 648: Model 'PCIE_2_1_VPR' output port 'PIPETX4DATA' has no timing specification (no clock specified to create a sequential output port, not combinationally connected to any inputs, not a clock output)
Warning 649: Model 'PCIE_2_1_VPR' output port 'PIPETX4COMPLIANCE' has no timing specification (no clock specified to create a sequential output port, not combinationally connected to any inputs, not a clock output)
Warning 650: Model 'PCIE_2_1_VPR' output port 'PIPETX4CHARISK' has no timing specification (no clock specified to create a sequential output port, not combinationally connected to any inputs, not a clock output)
Warning 651: Model 'PCIE_2_1_VPR' output port 'PIPETX3POWERDOWN' has no timing specification (no clock specified to create a sequential output port, not combinationally connected to any inputs, not a clock output)
Warning 652: Model 'PCIE_2_1_VPR' output port 'PIPETX3ELECIDLE' has no timing specification (no clock specified to create a sequential output port, not combinationally connected to any inputs, not a clock output)
Warning 653: Model 'PCIE_2_1_VPR' output port 'PIPETX3DATA' has no timing specification (no clock specified to create a sequential output port, not combinationally connected to any inputs, not a clock output)
Warning 654: Model 'PCIE_2_1_VPR' output port 'PIPETX3COMPLIANCE' has no timing specification (no clock specified to create a sequential output port, not combinationally connected to any inputs, not a clock output)
Warning 655: Model 'PCIE_2_1_VPR' output port 'PIPETX3CHARISK' has no timing specification (no clock specified to create a sequential output port, not combinationally connected to any inputs, not a clock output)
Warning 656: Model 'PCIE_2_1_VPR' output port 'PIPETX2POWERDOWN' has no timing specification (no clock specified to create a sequential output port, not combinationally connected to any inputs, not a clock output)
Warning 657: Model 'PCIE_2_1_VPR' output port 'PIPETX2ELECIDLE' has no timing specification (no clock specified to create a sequential output port, not combinationally connected to any inputs, not a clock output)
Warning 658: Model 'PCIE_2_1_VPR' output port 'PIPETX2DATA' has no timing specification (no clock specified to create a sequential output port, not combinationally connected to any inputs, not a clock output)
Warning 659: Model 'PCIE_2_1_VPR' output port 'PIPETX2COMPLIANCE' has no timing specification (no clock specified to create a sequential output port, not combinationally connected to any inputs, not a clock output)
Warning 660: Model 'PCIE_2_1_VPR' output port 'PIPETX2CHARISK' has no timing specification (no clock specified to create a sequential output port, not combinationally connected to any inputs, not a clock output)
Warning 661: Model 'PCIE_2_1_VPR' output port 'PIPETX1POWERDOWN' has no timing specification (no clock specified to create a sequential output port, not combinationally connected to any inputs, not a clock output)
Warning 662: Model 'PCIE_2_1_VPR' output port 'PIPETX1ELECIDLE' has no timing specification (no clock specified to create a sequential output port, not combinationally connected to any inputs, not a clock output)
Warning 663: Model 'PCIE_2_1_VPR' output port 'PIPETX1DATA' has no timing specification (no clock specified to create a sequential output port, not combinationally connected to any inputs, not a clock output)
Warning 664: Model 'PCIE_2_1_VPR' output port 'PIPETX1COMPLIANCE' has no timing specification (no clock specified to create a sequential output port, not combinationally connected to any inputs, not a clock output)
Warning 665: Model 'PCIE_2_1_VPR' output port 'PIPETX1CHARISK' has no timing specification (no clock specified to create a sequential output port, not combinationally connected to any inputs, not a clock output)
Warning 666: Model 'PCIE_2_1_VPR' output port 'PIPETX0POWERDOWN' has no timing specification (no clock specified to create a sequential output port, not combinationally connected to any inputs, not a clock output)
Warning 667: Model 'PCIE_2_1_VPR' output port 'PIPETX0ELECIDLE' has no timing specification (no clock specified to create a sequential output port, not combinationally connected to any inputs, not a clock output)
Warning 668: Model 'PCIE_2_1_VPR' output port 'PIPETX0DATA' has no timing specification (no clock specified to create a sequential output port, not combinationally connected to any inputs, not a clock output)
Warning 669: Model 'PCIE_2_1_VPR' output port 'PIPETX0COMPLIANCE' has no timing specification (no clock specified to create a sequential output port, not combinationally connected to any inputs, not a clock output)
Warning 670: Model 'PCIE_2_1_VPR' output port 'PIPETX0CHARISK' has no timing specification (no clock specified to create a sequential output port, not combinationally connected to any inputs, not a clock output)
Warning 671: Model 'PCIE_2_1_VPR' output port 'PIPERX7POLARITY' has no timing specification (no clock specified to create a sequential output port, not combinationally connected to any inputs, not a clock output)
Warning 672: Model 'PCIE_2_1_VPR' output port 'PIPERX6POLARITY' has no timing specification (no clock specified to create a sequential output port, not combinationally connected to any inputs, not a clock output)
Warning 673: Model 'PCIE_2_1_VPR' output port 'PIPERX5POLARITY' has no timing specification (no clock specified to create a sequential output port, not combinationally connected to any inputs, not a clock output)
Warning 674: Model 'PCIE_2_1_VPR' output port 'PIPERX4POLARITY' has no timing specification (no clock specified to create a sequential output port, not combinationally connected to any inputs, not a clock output)
Warning 675: Model 'PCIE_2_1_VPR' output port 'PIPERX3POLARITY' has no timing specification (no clock specified to create a sequential output port, not combinationally connected to any inputs, not a clock output)
Warning 676: Model 'PCIE_2_1_VPR' output port 'PIPERX2POLARITY' has no timing specification (no clock specified to create a sequential output port, not combinationally connected to any inputs, not a clock output)
Warning 677: Model 'PCIE_2_1_VPR' output port 'PIPERX1POLARITY' has no timing specification (no clock specified to create a sequential output port, not combinationally connected to any inputs, not a clock output)
Warning 678: Model 'PCIE_2_1_VPR' output port 'PIPERX0POLARITY' has no timing specification (no clock specified to create a sequential output port, not combinationally connected to any inputs, not a clock output)
Warning 679: Model 'PCIE_2_1_VPR' output port 'MIMTXWEN' has no timing specification (no clock specified to create a sequential output port, not combinationally connected to any inputs, not a clock output)
Warning 680: Model 'PCIE_2_1_VPR' output port 'MIMTXWDATA' has no timing specification (no clock specified to create a sequential output port, not combinationally connected to any inputs, not a clock output)
Warning 681: Model 'PCIE_2_1_VPR' output port 'MIMTXWADDR' has no timing specification (no clock specified to create a sequential output port, not combinationally connected to any inputs, not a clock output)
Warning 682: Model 'PCIE_2_1_VPR' output port 'MIMTXREN' has no timing specification (no clock specified to create a sequential output port, not combinationally connected to any inputs, not a clock output)
Warning 683: Model 'PCIE_2_1_VPR' output port 'MIMTXRADDR' has no timing specification (no clock specified to create a sequential output port, not combinationally connected to any inputs, not a clock output)
Warning 684: Model 'PCIE_2_1_VPR' output port 'MIMRXWEN' has no timing specification (no clock specified to create a sequential output port, not combinationally connected to any inputs, not a clock output)
Warning 685: Model 'PCIE_2_1_VPR' output port 'MIMRXWDATA' has no timing specification (no clock specified to create a sequential output port, not combinationally connected to any inputs, not a clock output)
Warning 686: Model 'PCIE_2_1_VPR' output port 'MIMRXWADDR' has no timing specification (no clock specified to create a sequential output port, not combinationally connected to any inputs, not a clock output)
Warning 687: Model 'PCIE_2_1_VPR' output port 'MIMRXREN' has no timing specification (no clock specified to create a sequential output port, not combinationally connected to any inputs, not a clock output)
Warning 688: Model 'PCIE_2_1_VPR' output port 'MIMRXRADDR' has no timing specification (no clock specified to create a sequential output port, not combinationally connected to any inputs, not a clock output)
Warning 689: Model 'PCIE_2_1_VPR' output port 'LNKCLKEN' has no timing specification (no clock specified to create a sequential output port, not combinationally connected to any inputs, not a clock output)
Warning 690: Model 'PCIE_2_1_VPR' output port 'LL2TXIDLE' has no timing specification (no clock specified to create a sequential output port, not combinationally connected to any inputs, not a clock output)
Warning 691: Model 'PCIE_2_1_VPR' output port 'LL2TFCINIT2SEQ' has no timing specification (no clock specified to create a sequential output port, not combinationally connected to any inputs, not a clock output)
Warning 692: Model 'PCIE_2_1_VPR' output port 'LL2TFCINIT1SEQ' has no timing specification (no clock specified to create a sequential output port, not combinationally connected to any inputs, not a clock output)
Warning 693: Model 'PCIE_2_1_VPR' output port 'LL2SUSPENDOK' has no timing specification (no clock specified to create a sequential output port, not combinationally connected to any inputs, not a clock output)
Warning 694: Model 'PCIE_2_1_VPR' output port 'LL2REPLAYTOERR' has no timing specification (no clock specified to create a sequential output port, not combinationally connected to any inputs, not a clock output)
Warning 695: Model 'PCIE_2_1_VPR' output port 'LL2REPLAYROERR' has no timing specification (no clock specified to create a sequential output port, not combinationally connected to any inputs, not a clock output)
Warning 696: Model 'PCIE_2_1_VPR' output port 'LL2RECEIVERERR' has no timing specification (no clock specified to create a sequential output port, not combinationally connected to any inputs, not a clock output)
Warning 697: Model 'PCIE_2_1_VPR' output port 'LL2PROTOCOLERR' has no timing specification (no clock specified to create a sequential output port, not combinationally connected to any inputs, not a clock output)
Warning 698: Model 'PCIE_2_1_VPR' output port 'LL2LINKSTATUS' has no timing specification (no clock specified to create a sequential output port, not combinationally connected to any inputs, not a clock output)
Warning 699: Model 'PCIE_2_1_VPR' output port 'LL2BADTLPERR' has no timing specification (no clock specified to create a sequential output port, not combinationally connected to any inputs, not a clock output)
Warning 700: Model 'PCIE_2_1_VPR' output port 'LL2BADDLLPERR' has no timing specification (no clock specified to create a sequential output port, not combinationally connected to any inputs, not a clock output)
Warning 701: Model 'PCIE_2_1_VPR' output port 'DRPRDY' has no timing specification (no clock specified to create a sequential output port, not combinationally connected to any inputs, not a clock output)
Warning 702: Model 'PCIE_2_1_VPR' output port 'DRPDO' has no timing specification (no clock specified to create a sequential output port, not combinationally connected to any inputs, not a clock output)
Warning 703: Model 'PCIE_2_1_VPR' output port 'DBGVECC' has no timing specification (no clock specified to create a sequential output port, not combinationally connected to any inputs, not a clock output)
Warning 704: Model 'PCIE_2_1_VPR' output port 'DBGVECB' has no timing specification (no clock specified to create a sequential output port, not combinationally connected to any inputs, not a clock output)
Warning 705: Model 'PCIE_2_1_VPR' output port 'DBGVECA' has no timing specification (no clock specified to create a sequential output port, not combinationally connected to any inputs, not a clock output)
Warning 706: Model 'PCIE_2_1_VPR' output port 'DBGSCLRK' has no timing specification (no clock specified to create a sequential output port, not combinationally connected to any inputs, not a clock output)
Warning 707: Model 'PCIE_2_1_VPR' output port 'DBGSCLRJ' has no timing specification (no clock specified to create a sequential output port, not combinationally connected to any inputs, not a clock output)
Warning 708: Model 'PCIE_2_1_VPR' output port 'DBGSCLRI' has no timing specification (no clock specified to create a sequential output port, not combinationally connected to any inputs, not a clock output)
Warning 709: Model 'PCIE_2_1_VPR' output port 'DBGSCLRH' has no timing specification (no clock specified to create a sequential output port, not combinationally connected to any inputs, not a clock output)
Warning 710: Model 'PCIE_2_1_VPR' output port 'DBGSCLRG' has no timing specification (no clock specified to create a sequential output port, not combinationally connected to any inputs, not a clock output)
Warning 711: Model 'PCIE_2_1_VPR' output port 'DBGSCLRF' has no timing specification (no clock specified to create a sequential output port, not combinationally connected to any inputs, not a clock output)
Warning 712: Model 'PCIE_2_1_VPR' output port 'DBGSCLRE' has no timing specification (no clock specified to create a sequential output port, not combinationally connected to any inputs, not a clock output)
Warning 713: Model 'PCIE_2_1_VPR' output port 'DBGSCLRD' has no timing specification (no clock specified to create a sequential output port, not combinationally connected to any inputs, not a clock output)
Warning 714: Model 'PCIE_2_1_VPR' output port 'DBGSCLRC' has no timing specification (no clock specified to create a sequential output port, not combinationally connected to any inputs, not a clock output)
Warning 715: Model 'PCIE_2_1_VPR' output port 'DBGSCLRB' has no timing specification (no clock specified to create a sequential output port, not combinationally connected to any inputs, not a clock output)
Warning 716: Model 'PCIE_2_1_VPR' output port 'DBGSCLRA' has no timing specification (no clock specified to create a sequential output port, not combinationally connected to any inputs, not a clock output)
Warning 717: Model 'PCIE_2_1_VPR' output port 'CFGVCTCVCMAP' has no timing specification (no clock specified to create a sequential output port, not combinationally connected to any inputs, not a clock output)
Warning 718: Model 'PCIE_2_1_VPR' output port 'CFGTRANSACTIONTYPE' has no timing specification (no clock specified to create a sequential output port, not combinationally connected to any inputs, not a clock output)
Warning 719: Model 'PCIE_2_1_VPR' output port 'CFGTRANSACTIONADDR' has no timing specification (no clock specified to create a sequential output port, not combinationally connected to any inputs, not a clock output)
Warning 720: Model 'PCIE_2_1_VPR' output port 'CFGTRANSACTION' has no timing specification (no clock specified to create a sequential output port, not combinationally connected to any inputs, not a clock output)
Warning 721: Model 'PCIE_2_1_VPR' output port 'CFGSLOTCONTROLELECTROMECHILCTLPULSE' has no timing specification (no clock specified to create a sequential output port, not combinationally connected to any inputs, not a clock output)
Warning 722: Model 'PCIE_2_1_VPR' output port 'CFGROOTCONTROLSYSERRNONFATALERREN' has no timing specification (no clock specified to create a sequential output port, not combinationally connected to any inputs, not a clock output)
Warning 723: Model 'PCIE_2_1_VPR' output port 'CFGROOTCONTROLSYSERRFATALERREN' has no timing specification (no clock specified to create a sequential output port, not combinationally connected to any inputs, not a clock output)
Warning 724: Model 'PCIE_2_1_VPR' output port 'CFGROOTCONTROLSYSERRCORRERREN' has no timing specification (no clock specified to create a sequential output port, not combinationally connected to any inputs, not a clock output)
Warning 725: Model 'PCIE_2_1_VPR' output port 'CFGROOTCONTROLPMEINTEN' has no timing specification (no clock specified to create a sequential output port, not combinationally connected to any inputs, not a clock output)
Warning 726: Model 'PCIE_2_1_VPR' output port 'CFGPMRCVREQACKN' has no timing specification (no clock specified to create a sequential output port, not combinationally connected to any inputs, not a clock output)
Warning 727: Model 'PCIE_2_1_VPR' output port 'CFGPMRCVENTERL23N' has no timing specification (no clock specified to create a sequential output port, not combinationally connected to any inputs, not a clock output)
Warning 728: Model 'PCIE_2_1_VPR' output port 'CFGPMRCVENTERL1N' has no timing specification (no clock specified to create a sequential output port, not combinationally connected to any inputs, not a clock output)
Warning 729: Model 'PCIE_2_1_VPR' output port 'CFGPMRCVASREQL1N' has no timing specification (no clock specified to create a sequential output port, not combinationally connected to any inputs, not a clock output)
Warning 730: Model 'PCIE_2_1_VPR' output port 'CFGPMCSRPOWERSTATE' has no timing specification (no clock specified to create a sequential output port, not combinationally connected to any inputs, not a clock output)
Warning 731: Model 'PCIE_2_1_VPR' output port 'CFGPMCSRPMESTATUS' has no timing specification (no clock specified to create a sequential output port, not combinationally connected to any inputs, not a clock output)
Warning 732: Model 'PCIE_2_1_VPR' output port 'CFGPMCSRPMEEN' has no timing specification (no clock specified to create a sequential output port, not combinationally connected to any inputs, not a clock output)
Warning 733: Model 'PCIE_2_1_VPR' output port 'CFGPCIELINKSTATE' has no timing specification (no clock specified to create a sequential output port, not combinationally connected to any inputs, not a clock output)
Warning 734: Model 'PCIE_2_1_VPR' output port 'CFGMSGRECEIVEDUNLOCK' has no timing specification (no clock specified to create a sequential output port, not combinationally connected to any inputs, not a clock output)
Warning 735: Model 'PCIE_2_1_VPR' output port 'CFGMSGRECEIVEDSETSLOTPOWERLIMIT' has no timing specification (no clock specified to create a sequential output port, not combinationally connected to any inputs, not a clock output)
Warning 736: Model 'PCIE_2_1_VPR' output port 'CFGMSGRECEIVEDPMPME' has no timing specification (no clock specified to create a sequential output port, not combinationally connected to any inputs, not a clock output)
Warning 737: Model 'PCIE_2_1_VPR' output port 'CFGMSGRECEIVEDPMETOACK' has no timing specification (no clock specified to create a sequential output port, not combinationally connected to any inputs, not a clock output)
Warning 738: Model 'PCIE_2_1_VPR' output port 'CFGMSGRECEIVEDPMETO' has no timing specification (no clock specified to create a sequential output port, not combinationally connected to any inputs, not a clock output)
Warning 739: Model 'PCIE_2_1_VPR' output port 'CFGMSGRECEIVEDPMASNAK' has no timing specification (no clock specified to create a sequential output port, not combinationally connected to any inputs, not a clock output)
Warning 740: Model 'PCIE_2_1_VPR' output port 'CFGMSGRECEIVEDERRNONFATAL' has no timing specification (no clock specified to create a sequential output port, not combinationally connected to any inputs, not a clock output)
Warning 741: Model 'PCIE_2_1_VPR' output port 'CFGMSGRECEIVEDERRFATAL' has no timing specification (no clock specified to create a sequential output port, not combinationally connected to any inputs, not a clock output)
Warning 742: Model 'PCIE_2_1_VPR' output port 'CFGMSGRECEIVEDERRCOR' has no timing specification (no clock specified to create a sequential output port, not combinationally connected to any inputs, not a clock output)
Warning 743: Model 'PCIE_2_1_VPR' output port 'CFGMSGRECEIVEDDEASSERTINTD' has no timing specification (no clock specified to create a sequential output port, not combinationally connected to any inputs, not a clock output)
Warning 744: Model 'PCIE_2_1_VPR' output port 'CFGMSGRECEIVEDDEASSERTINTC' has no timing specification (no clock specified to create a sequential output port, not combinationally connected to any inputs, not a clock output)
Warning 745: Model 'PCIE_2_1_VPR' output port 'CFGMSGRECEIVEDDEASSERTINTB' has no timing specification (no clock specified to create a sequential output port, not combinationally connected to any inputs, not a clock output)
Warning 746: Model 'PCIE_2_1_VPR' output port 'CFGMSGRECEIVEDDEASSERTINTA' has no timing specification (no clock specified to create a sequential output port, not combinationally connected to any inputs, not a clock output)
Warning 747: Model 'PCIE_2_1_VPR' output port 'CFGMSGRECEIVEDASSERTINTD' has no timing specification (no clock specified to create a sequential output port, not combinationally connected to any inputs, not a clock output)
Warning 748: Model 'PCIE_2_1_VPR' output port 'CFGMSGRECEIVEDASSERTINTC' has no timing specification (no clock specified to create a sequential output port, not combinationally connected to any inputs, not a clock output)
Warning 749: Model 'PCIE_2_1_VPR' output port 'CFGMSGRECEIVEDASSERTINTB' has no timing specification (no clock specified to create a sequential output port, not combinationally connected to any inputs, not a clock output)
Warning 750: Model 'PCIE_2_1_VPR' output port 'CFGMSGRECEIVEDASSERTINTA' has no timing specification (no clock specified to create a sequential output port, not combinationally connected to any inputs, not a clock output)
Warning 751: Model 'PCIE_2_1_VPR' output port 'CFGMSGRECEIVED' has no timing specification (no clock specified to create a sequential output port, not combinationally connected to any inputs, not a clock output)
Warning 752: Model 'PCIE_2_1_VPR' output port 'CFGMSGDATA' has no timing specification (no clock specified to create a sequential output port, not combinationally connected to any inputs, not a clock output)
Warning 753: Model 'PCIE_2_1_VPR' output port 'CFGMGMTRDWRDONEN' has no timing specification (no clock specified to create a sequential output port, not combinationally connected to any inputs, not a clock output)
Warning 754: Model 'PCIE_2_1_VPR' output port 'CFGMGMTDO' has no timing specification (no clock specified to create a sequential output port, not combinationally connected to any inputs, not a clock output)
Warning 755: Model 'PCIE_2_1_VPR' output port 'CFGLINKSTATUSNEGOTIATEDWIDTH' has no timing specification (no clock specified to create a sequential output port, not combinationally connected to any inputs, not a clock output)
Warning 756: Model 'PCIE_2_1_VPR' output port 'CFGLINKSTATUSLINKTRAINING' has no timing specification (no clock specified to create a sequential output port, not combinationally connected to any inputs, not a clock output)
Warning 757: Model 'PCIE_2_1_VPR' output port 'CFGLINKSTATUSDLLACTIVE' has no timing specification (no clock specified to create a sequential output port, not combinationally connected to any inputs, not a clock output)
Warning 758: Model 'PCIE_2_1_VPR' output port 'CFGLINKSTATUSCURRENTSPEED' has no timing specification (no clock specified to create a sequential output port, not combinationally connected to any inputs, not a clock output)
Warning 759: Model 'PCIE_2_1_VPR' output port 'CFGLINKSTATUSBANDWIDTHSTATUS' has no timing specification (no clock specified to create a sequential output port, not combinationally connected to any inputs, not a clock output)
Warning 760: Model 'PCIE_2_1_VPR' output port 'CFGLINKSTATUSAUTOBANDWIDTHSTATUS' has no timing specification (no clock specified to create a sequential output port, not combinationally connected to any inputs, not a clock output)
Warning 761: Model 'PCIE_2_1_VPR' output port 'CFGLINKCONTROLRETRAINLINK' has no timing specification (no clock specified to create a sequential output port, not combinationally connected to any inputs, not a clock output)
Warning 762: Model 'PCIE_2_1_VPR' output port 'CFGLINKCONTROLRCB' has no timing specification (no clock specified to create a sequential output port, not combinationally connected to any inputs, not a clock output)
Warning 763: Model 'PCIE_2_1_VPR' output port 'CFGLINKCONTROLLINKDISABLE' has no timing specification (no clock specified to create a sequential output port, not combinationally connected to any inputs, not a clock output)
Warning 764: Model 'PCIE_2_1_VPR' output port 'CFGLINKCONTROLHWAUTOWIDTHDIS' has no timing specification (no clock specified to create a sequential output port, not combinationally connected to any inputs, not a clock output)
Warning 765: Model 'PCIE_2_1_VPR' output port 'CFGLINKCONTROLEXTENDEDSYNC' has no timing specification (no clock specified to create a sequential output port, not combinationally connected to any inputs, not a clock output)
Warning 766: Model 'PCIE_2_1_VPR' output port 'CFGLINKCONTROLCOMMONCLOCK' has no timing specification (no clock specified to create a sequential output port, not combinationally connected to any inputs, not a clock output)
Warning 767: Model 'PCIE_2_1_VPR' output port 'CFGLINKCONTROLCLOCKPMEN' has no timing specification (no clock specified to create a sequential output port, not combinationally connected to any inputs, not a clock output)
Warning 768: Model 'PCIE_2_1_VPR' output port 'CFGLINKCONTROLBANDWIDTHINTEN' has no timing specification (no clock specified to create a sequential output port, not combinationally connected to any inputs, not a clock output)
Warning 769: Model 'PCIE_2_1_VPR' output port 'CFGLINKCONTROLAUTOBANDWIDTHINTEN' has no timing specification (no clock specified to create a sequential output port, not combinationally connected to any inputs, not a clock output)
Warning 770: Model 'PCIE_2_1_VPR' output port 'CFGLINKCONTROLASPMCONTROL' has no timing specification (no clock specified to create a sequential output port, not combinationally connected to any inputs, not a clock output)
Warning 771: Model 'PCIE_2_1_VPR' output port 'CFGINTERRUPTRDYN' has no timing specification (no clock specified to create a sequential output port, not combinationally connected to any inputs, not a clock output)
Warning 772: Model 'PCIE_2_1_VPR' output port 'CFGINTERRUPTMSIXFM' has no timing specification (no clock specified to create a sequential output port, not combinationally connected to any inputs, not a clock output)
Warning 773: Model 'PCIE_2_1_VPR' output port 'CFGINTERRUPTMSIXENABLE' has no timing specification (no clock specified to create a sequential output port, not combinationally connected to any inputs, not a clock output)
Warning 774: Model 'PCIE_2_1_VPR' output port 'CFGINTERRUPTMSIENABLE' has no timing specification (no clock specified to create a sequential output port, not combinationally connected to any inputs, not a clock output)
Warning 775: Model 'PCIE_2_1_VPR' output port 'CFGINTERRUPTMMENABLE' has no timing specification (no clock specified to create a sequential output port, not combinationally connected to any inputs, not a clock output)
Warning 776: Model 'PCIE_2_1_VPR' output port 'CFGINTERRUPTDO' has no timing specification (no clock specified to create a sequential output port, not combinationally connected to any inputs, not a clock output)
Warning 777: Model 'PCIE_2_1_VPR' output port 'CFGERRCPLRDYN' has no timing specification (no clock specified to create a sequential output port, not combinationally connected to any inputs, not a clock output)
Warning 778: Model 'PCIE_2_1_VPR' output port 'CFGERRAERHEADERLOGSETN' has no timing specification (no clock specified to create a sequential output port, not combinationally connected to any inputs, not a clock output)
Warning 779: Model 'PCIE_2_1_VPR' output port 'CFGDEVSTATUSURDETECTED' has no timing specification (no clock specified to create a sequential output port, not combinationally connected to any inputs, not a clock output)
Warning 780: Model 'PCIE_2_1_VPR' output port 'CFGDEVSTATUSNONFATALERRDETECTED' has no timing specification (no clock specified to create a sequential output port, not combinationally connected to any inputs, not a clock output)
Warning 781: Model 'PCIE_2_1_VPR' output port 'CFGDEVSTATUSFATALERRDETECTED' has no timing specification (no clock specified to create a sequential output port, not combinationally connected to any inputs, not a clock output)
Warning 782: Model 'PCIE_2_1_VPR' output port 'CFGDEVSTATUSCORRERRDETECTED' has no timing specification (no clock specified to create a sequential output port, not combinationally connected to any inputs, not a clock output)
Warning 783: Model 'PCIE_2_1_VPR' output port 'CFGDEVCONTROLURERRREPORTINGEN' has no timing specification (no clock specified to create a sequential output port, not combinationally connected to any inputs, not a clock output)
Warning 784: Model 'PCIE_2_1_VPR' output port 'CFGDEVCONTROLPHANTOMEN' has no timing specification (no clock specified to create a sequential output port, not combinationally connected to any inputs, not a clock output)
Warning 785: Model 'PCIE_2_1_VPR' output port 'CFGDEVCONTROLNOSNOOPEN' has no timing specification (no clock specified to create a sequential output port, not combinationally connected to any inputs, not a clock output)
Warning 786: Model 'PCIE_2_1_VPR' output port 'CFGDEVCONTROLNONFATALREPORTINGEN' has no timing specification (no clock specified to create a sequential output port, not combinationally connected to any inputs, not a clock output)
Warning 787: Model 'PCIE_2_1_VPR' output port 'CFGDEVCONTROLMAXREADREQ' has no timing specification (no clock specified to create a sequential output port, not combinationally connected to any inputs, not a clock output)
Warning 788: Model 'PCIE_2_1_VPR' output port 'CFGDEVCONTROLMAXPAYLOAD' has no timing specification (no clock specified to create a sequential output port, not combinationally connected to any inputs, not a clock output)
Warning 789: Model 'PCIE_2_1_VPR' output port 'CFGDEVCONTROLFATALERRREPORTINGEN' has no timing specification (no clock specified to create a sequential output port, not combinationally connected to any inputs, not a clock output)
Warning 790: Model 'PCIE_2_1_VPR' output port 'CFGDEVCONTROLEXTTAGEN' has no timing specification (no clock specified to create a sequential output port, not combinationally connected to any inputs, not a clock output)
Warning 791: Model 'PCIE_2_1_VPR' output port 'CFGDEVCONTROLENABLERO' has no timing specification (no clock specified to create a sequential output port, not combinationally connected to any inputs, not a clock output)
Warning 792: Model 'PCIE_2_1_VPR' output port 'CFGDEVCONTROLCORRERRREPORTINGEN' has no timing specification (no clock specified to create a sequential output port, not combinationally connected to any inputs, not a clock output)
Warning 793: Model 'PCIE_2_1_VPR' output port 'CFGDEVCONTROLAUXPOWEREN' has no timing specification (no clock specified to create a sequential output port, not combinationally connected to any inputs, not a clock output)
Warning 794: Model 'PCIE_2_1_VPR' output port 'CFGDEVCONTROL2TLPPREFIXBLOCK' has no timing specification (no clock specified to create a sequential output port, not combinationally connected to any inputs, not a clock output)
Warning 795: Model 'PCIE_2_1_VPR' output port 'CFGDEVCONTROL2LTREN' has no timing specification (no clock specified to create a sequential output port, not combinationally connected to any inputs, not a clock output)
Warning 796: Model 'PCIE_2_1_VPR' output port 'CFGDEVCONTROL2IDOREQEN' has no timing specification (no clock specified to create a sequential output port, not combinationally connected to any inputs, not a clock output)
Warning 797: Model 'PCIE_2_1_VPR' output port 'CFGDEVCONTROL2IDOCPLEN' has no timing specification (no clock specified to create a sequential output port, not combinationally connected to any inputs, not a clock output)
Warning 798: Model 'PCIE_2_1_VPR' output port 'CFGDEVCONTROL2CPLTIMEOUTVAL' has no timing specification (no clock specified to create a sequential output port, not combinationally connected to any inputs, not a clock output)
Warning 799: Model 'PCIE_2_1_VPR' output port 'CFGDEVCONTROL2CPLTIMEOUTDIS' has no timing specification (no clock specified to create a sequential output port, not combinationally connected to any inputs, not a clock output)
Warning 800: Model 'PCIE_2_1_VPR' output port 'CFGDEVCONTROL2ATOMICREQUESTEREN' has no timing specification (no clock specified to create a sequential output port, not combinationally connected to any inputs, not a clock output)
Warning 801: Model 'PCIE_2_1_VPR' output port 'CFGDEVCONTROL2ATOMICEGRESSBLOCK' has no timing specification (no clock specified to create a sequential output port, not combinationally connected to any inputs, not a clock output)
Warning 802: Model 'PCIE_2_1_VPR' output port 'CFGDEVCONTROL2ARIFORWARDEN' has no timing specification (no clock specified to create a sequential output port, not combinationally connected to any inputs, not a clock output)
Warning 803: Model 'PCIE_2_1_VPR' output port 'CFGCOMMANDSERREN' has no timing specification (no clock specified to create a sequential output port, not combinationally connected to any inputs, not a clock output)
Warning 804: Model 'PCIE_2_1_VPR' output port 'CFGCOMMANDMEMENABLE' has no timing specification (no clock specified to create a sequential output port, not combinationally connected to any inputs, not a clock output)
Warning 805: Model 'PCIE_2_1_VPR' output port 'CFGCOMMANDIOENABLE' has no timing specification (no clock specified to create a sequential output port, not combinationally connected to any inputs, not a clock output)
Warning 806: Model 'PCIE_2_1_VPR' output port 'CFGCOMMANDINTERRUPTDISABLE' has no timing specification (no clock specified to create a sequential output port, not combinationally connected to any inputs, not a clock output)
Warning 807: Model 'PCIE_2_1_VPR' output port 'CFGCOMMANDBUSMASTERENABLE' has no timing specification (no clock specified to create a sequential output port, not combinationally connected to any inputs, not a clock output)
Warning 808: Model 'PCIE_2_1_VPR' output port 'CFGBRIDGESERREN' has no timing specification (no clock specified to create a sequential output port, not combinationally connected to any inputs, not a clock output)
Warning 809: Model 'PCIE_2_1_VPR' output port 'CFGAERROOTERRNONFATALERRREPORTINGEN' has no timing specification (no clock specified to create a sequential output port, not combinationally connected to any inputs, not a clock output)
Warning 810: Model 'PCIE_2_1_VPR' output port 'CFGAERROOTERRNONFATALERRRECEIVED' has no timing specification (no clock specified to create a sequential output port, not combinationally connected to any inputs, not a clock output)
Warning 811: Model 'PCIE_2_1_VPR' output port 'CFGAERROOTERRFATALERRREPORTINGEN' has no timing specification (no clock specified to create a sequential output port, not combinationally connected to any inputs, not a clock output)
Warning 812: Model 'PCIE_2_1_VPR' output port 'CFGAERROOTERRFATALERRRECEIVED' has no timing specification (no clock specified to create a sequential output port, not combinationally connected to any inputs, not a clock output)
Warning 813: Model 'PCIE_2_1_VPR' output port 'CFGAERROOTERRCORRERRREPORTINGEN' has no timing specification (no clock specified to create a sequential output port, not combinationally connected to any inputs, not a clock output)
Warning 814: Model 'PCIE_2_1_VPR' output port 'CFGAERROOTERRCORRERRRECEIVED' has no timing specification (no clock specified to create a sequential output port, not combinationally connected to any inputs, not a clock output)
Warning 815: Model 'PCIE_2_1_VPR' output port 'CFGAERECRCGENEN' has no timing specification (no clock specified to create a sequential output port, not combinationally connected to any inputs, not a clock output)
Warning 816: Model 'PCIE_2_1_VPR' output port 'CFGAERECRCCHECKEN' has no timing specification (no clock specified to create a sequential output port, not combinationally connected to any inputs, not a clock output)
Warning 817: Model 'VCC' output port 'VCC' has no timing specification (no clock specified to create a sequential output port, not combinationally connected to any inputs, not a clock output)
Warning 818: Model 'GND' output port 'GND' has no timing specification (no clock specified to create a sequential output port, not combinationally connected to any inputs, not a clock output)
Warning 819: <pb_type> 'empty' timing-annotation/<model> mismatch on port 'D' of model '.latch', port is a sequential input but has neither T_setup nor T_hold specified
Warning 820: <pb_type> 'empty' timing-annotation/<model> mismatch on port 'Q' of model '.latch', port is a sequential output but has neither min nor max T_clock_to_Q specified
# Loading Architecture Description took 1.44 seconds (max_rss 58.1 MiB, delta_rss +47.6 MiB)

Warning 821: Non-zero switch output capacitance (4e-15) has no effect when switch 'buffer' is used for connection block inputs
Timing analysis: ON
Circuit netlist file: counter_slave.net
Circuit placement file: counter_slave.place
Circuit routing file: counter_slave.route
Circuit SDC file: /home/kalii/f4pga-examples/xc7/counter_slave/build/arty_35/xc7a50t_test_sdc.sdc
Vpr floorplanning constraints file: not specified

Packer: ENABLED
Placer: ENABLED
Router: DISABLED
Analysis: DISABLED

VPR was run with the following options:

NetlistOpts.abosrb_buffer_luts            : true
NetlistOpts.sweep_dangling_primary_ios    : true
NetlistOpts.sweep_dangling_nets           : true
NetlistOpts.sweep_dangling_blocks         : true
NetlistOpts.sweep_constant_primary_outputs: false
NetlistOpts.netlist_verbosity             : 1
NetlistOpts.const_gen_inference           : COMB_SEQ

PackerOpts.allow_unrelated_clustering: auto
PackerOpts.alpha_clustering: 0.750000
PackerOpts.beta_clustering: 0.900000
PackerOpts.cluster_seed_type: BLEND2
PackerOpts.connection_driven: true
PackerOpts.global_clocks: true
PackerOpts.hill_climbing_flag: false
PackerOpts.inter_cluster_net_delay: 1.000000
PackerOpts.timing_driven: true
PackerOpts.target_external_pin_util: auto

PlacerOpts.place_freq: PLACE_ONCE
PlacerOpts.place_algorithm: CRITICALITY_TIMING_PLACE
PlacerOpts.pad_loc_type: FREE
PlacerOpts.constraints_file: Using constraints file '/home/kalii/f4pga-examples/xc7/counter_slave/build/arty_35/counter_slave.preplace'
PlacerOpts.place_cost_exp: 1.000000
PlacerOpts.place_chan_width: 500
PlacerOpts.inner_loop_recompute_divider: 0
PlacerOpts.recompute_crit_iter: 1
PlacerOpts.timing_tradeoff: 0.500000
PlacerOpts.td_place_exp_first: 1.000000
PlacerOpts.td_place_exp_last: 8.000000
PlacerOpts.delay_offset: 0.000000
PlacerOpts.delay_ramp_delta_threshold: -1
PlacerOpts.delay_ramp_slope: 0.000000
PlacerOpts.tsu_rel_margin: 1.000000
PlacerOpts.tsu_abs_margin: 0.000000
PlacerOpts.post_place_timing_report_file: 
PlacerOpts.allowed_tiles_for_delay_model: 
PlacerOpts.delay_model_reducer: MIN
PlacerOpts.delay_model_type: DELTA
PlacerOpts.rlim_escape_fraction: 0.000000
PlacerOpts.move_stats_file: 
PlacerOpts.placement_saves_per_temperature: 0
PlacerOpts.effort_scaling: CIRCUIT
PlacerOpts.place_delta_delay_matrix_calculation_method: DIJKSTRA_EXPANSION
PlaceOpts.seed: 0
AnnealSched.type: AUTO_SCHED
AnnealSched.inner_num: 0.500000

# Building complex block graph
# Building complex block graph took 0.09 seconds (max_rss 58.1 MiB, delta_rss +0.0 MiB)
Circuit file: /home/kalii/f4pga-examples/xc7/counter_slave/build/arty_35/counter_slave.eblif
# Load circuit
# Load circuit took 0.00 seconds (max_rss 58.1 MiB, delta_rss +0.0 MiB)
# Clean circuit
Absorbed 0 LUT buffers
Inferred    5 additional primitive pins as constant generators since they have no combinationally connected inputs
Inferred    9 additional primitive pins as constant generators due to constant inputs
Inferred    0 additional primitive pins as constant generators since they have no combinationally connected inputs
Inferred    0 additional primitive pins as constant generators due to constant inputs
Inferred    0 additional primitive pins as constant generators since they have no combinationally connected inputs
Inferred    0 additional primitive pins as constant generators due to constant inputs
Swept input(s)      : 0
Swept output(s)     : 0 (0 dangling, 0 constant)
Swept net(s)        : 8
Swept block(s)      : 1
Constant Pins Marked: 14
# Clean circuit took 0.00 seconds (max_rss 58.1 MiB, delta_rss +0.0 MiB)
# Compress circuit
# Compress circuit took 0.00 seconds (max_rss 58.1 MiB, delta_rss +0.0 MiB)
# Verify circuit
# Verify circuit took 0.00 seconds (max_rss 58.1 MiB, delta_rss +0.0 MiB)
Circuit Statistics:
  Blocks: 51
    .input         :       3
    .output        :       9
    5-LUT          :       2
    CARRY4_VPR     :       2
    CARRY_COUT_PLUG:       1
    CE_VCC         :       1
    FDRE_ZINI      :       9
    GND            :       1
    IBUF_VPR       :       3
    OBUFT_VPR      :       9
    SR_GND         :       1
    T_INV          :       9
    VCC            :       1
  Nets  : 49
    Avg Fanout:     1.9
    Max Fanout:    10.0
    Min Fanout:     1.0
  Netlist Clocks: 1
# Build Timing Graph
Warning 822: Inferred implicit clock source $iopadmap$counter_slave.clk.O[0] for netlist clock $abc$3878$iopadmap$clk (possibly data used as clock)
Warning 823: Timing edge from $iopadmap$counter_slave.clk.I[0] to $iopadmap$counter_slave.clk.O[0] will not be created since $iopadmap$counter_slave.clk.O[0] has been identified as a clock generator
  Timing Graph Nodes: 144
  Timing Graph Edges: 207
  Timing Graph Levels: 12
# Build Timing Graph took 0.00 seconds (max_rss 58.1 MiB, delta_rss +0.0 MiB)
Netlist contains 1 clocks
  Netlist Clock '$abc$3878$iopadmap$clk' Fanout: 9 pins (6.2%), 9 blocks (17.6%)
# Load Timing Constraints

SDC file '/home/kalii/f4pga-examples/xc7/counter_slave/build/arty_35/xc7a50t_test_sdc.sdc' contained no SDC commands
Setting default timing constraints:
   * constrain all primay inputs and primary outputs on netlist clock '$abc$3878$iopadmap$clk'
   * optimize netlist clock to run as fast as possible
Timing constraints created 1 clocks
  Constrained Clock '$abc$3878$iopadmap$clk' Source: '$iopadmap$counter_slave.clk.O[0]'

# Load Timing Constraints took 0.00 seconds (max_rss 58.1 MiB, delta_rss +0.0 MiB)
# Load packing
Begin loading packed FPGA netlist file.
Netlist generated from file 'counter_slave.net'.
Detected 4 constant generators (to see names run with higher pack verbosity)
Finished loading packed FPGA netlist file (took 0.041232 seconds).
# Load packing took 0.04 seconds (max_rss 87.2 MiB, delta_rss +29.1 MiB)
Warning 824: Netlist contains 0 global net to non-global architecture pin connections
Warning 825: Logic block #15 ($false) has only 1 output pin '$false.GND[0]'. It may be a constant generator.
Warning 826: Logic block #16 ($true) has only 1 output pin '$true.VCC[0]'. It may be a constant generator.

Pb types usage...
  BLK-TL-SLICEL              : 3
   SLICEL0                   : 3
    COMMON_LUT_AND_F78MUX    : 2
     ALUT                    : 2
      A5LUT                  : 2
       lut                   : 2
    COMMON_SLICE             : 3
     CARRY4_VPR              : 2
     CARRY_COUT_PLUG         : 1
     CEUSEDMUX               : 1
      CE_VCC                 : 1
     SLICE_FF                : 3
      FF_FDSE_or_FDRE        : 1
       FDRE                  : 1
      REG_FDSE_or_FDRE       : 8
       FDRE                  : 8
     SRUSEDMUX               : 1
      SR_GND                 : 1
  BLK-TL-IOPAD               : 12
   IOB33                     : 12
    IOB33_MODES              : 12
     IBUF_VPR                : 3
     inpad                   : 3
     OBUFT_VPR               : 9
     outpad                  : 9
   OLOGICE3                  : 9
    OLOGIC_TFF               : 9
     T_INV                   : 9
  SYN-VCC                    : 1
   VCC                       : 1
  SYN-GND                    : 1
   GND                       : 1

# Create Device
## Build Device Grid
FPGA sized to 117 x 162: 18954 grid tiles (xc7a50t-test)

Resource usage...
	Netlist
		3	blocks of type: BLK-TL-SLICEL
	Architecture
		2150	blocks of type: BLK-TL-CLBLL_L
		1200	blocks of type: BLK-TL-CLBLL_R
		1800	blocks of type: BLK-TL-CLBLM_L
		3000	blocks of type: BLK-TL-CLBLM_R
	Netlist
		0	blocks of type: BLK-TL-SLICEM
	Architecture
		1800	blocks of type: BLK-TL-CLBLM_L
		3000	blocks of type: BLK-TL-CLBLM_R
	Netlist
		0	blocks of type: BLK-TL-BRAM_L
	Architecture
		55	blocks of type: BLK-TL-BRAM_L
	Netlist
		12	blocks of type: BLK-TL-IOPAD
	Architecture
		6	blocks of type: BLK-TL-LIOPAD_SING
		4	blocks of type: BLK-TL-RIOPAD_SING
		72	blocks of type: BLK-TL-LIOPAD_M
		48	blocks of type: BLK-TL-RIOPAD_M
		72	blocks of type: BLK-TL-LIOPAD_S
		48	blocks of type: BLK-TL-RIOPAD_S
	Netlist
		0	blocks of type: BLK-TL-IOPAD_M
	Architecture
		72	blocks of type: BLK-TL-LIOPAD_M
		48	blocks of type: BLK-TL-RIOPAD_M
	Netlist
		0	blocks of type: BLK-TL-IOPAD_S
	Architecture
		72	blocks of type: BLK-TL-LIOPAD_S
		48	blocks of type: BLK-TL-RIOPAD_S
	Netlist
		0	blocks of type: BLK-TL-BUFGCTRL
	Architecture
		16	blocks of type: BLK-TL-CLK_BUFG_BOT_R
		16	blocks of type: BLK-TL-CLK_BUFG_TOP_R
	Netlist
		0	blocks of type: BLK-TL-PLLE2_ADV
	Architecture
		2	blocks of type: BLK-TL-CMT_TOP_L_UPPER_T
		3	blocks of type: BLK-TL-CMT_TOP_R_UPPER_T
	Netlist
		0	blocks of type: BLK-TL-MMCME2_ADV
	Architecture
		2	blocks of type: BLK-TL-CMT_TOP_L_LOWER_B
		3	blocks of type: BLK-TL-CMT_TOP_R_LOWER_B
	Netlist
		0	blocks of type: BLK-TL-HCLK_IOI3
	Architecture
		5	blocks of type: BLK-TL-HCLK_IOI3
	Netlist
		0	blocks of type: BLK-TL-GTPE2_COMMON
	Architecture
		7	blocks of type: BLK-TL-GTP_COMMON
	Netlist
		0	blocks of type: BLK-TL-GTPE2_CHANNEL
	Architecture
		5	blocks of type: BLK-TL-GTP_CHANNEL_0
		5	blocks of type: BLK-TL-GTP_CHANNEL_1
		5	blocks of type: BLK-TL-GTP_CHANNEL_2
		5	blocks of type: BLK-TL-GTP_CHANNEL_3
	Netlist
		0	blocks of type: BLK-TL-IBUFDS_GTE2
	Architecture
		7	blocks of type: BLK-TL-GTP_COMMON
	Netlist
		0	blocks of type: BLK-TL-IPAD
	Architecture
		7	blocks of type: BLK-TL-GTP_COMMON
		5	blocks of type: BLK-TL-GTP_CHANNEL_0
		5	blocks of type: BLK-TL-GTP_CHANNEL_1
		5	blocks of type: BLK-TL-GTP_CHANNEL_2
		5	blocks of type: BLK-TL-GTP_CHANNEL_3
	Netlist
		0	blocks of type: BLK-TL-OPAD
	Architecture
		5	blocks of type: BLK-TL-GTP_CHANNEL_0
		5	blocks of type: BLK-TL-GTP_CHANNEL_1
		5	blocks of type: BLK-TL-GTP_CHANNEL_2
		5	blocks of type: BLK-TL-GTP_CHANNEL_3
	Netlist
		0	blocks of type: BLK-TL-PCIE_2_1
	Architecture
		1	blocks of type: BLK-TL-PCIE_BOT
	Netlist
		1	blocks of type: SYN-VCC
	Architecture
		1	blocks of type: SYN-VCC
	Netlist
		1	blocks of type: SYN-GND
	Architecture
		1	blocks of type: SYN-GND

Device Utilization: 0.00 (target 1.00)
	Physical Tile BLK-TL-CLBLL_L:
	Block Utilization: 0.00 Logical Block: BLK-TL-SLICEL
	Physical Tile BLK-TL-CLBLL_R:
	Block Utilization: 0.00 Logical Block: BLK-TL-SLICEL
	Physical Tile BLK-TL-CLBLM_L:
	Block Utilization: 0.00 Logical Block: BLK-TL-SLICEM
	Block Utilization: 0.00 Logical Block: BLK-TL-SLICEL
	Physical Tile BLK-TL-CLBLM_R:
	Block Utilization: 0.00 Logical Block: BLK-TL-SLICEM
	Block Utilization: 0.00 Logical Block: BLK-TL-SLICEL
	Physical Tile BLK-TL-BRAM_L:
	Block Utilization: 0.00 Logical Block: BLK-TL-BRAM_L
	Physical Tile BLK-TL-LIOPAD_M:
	Block Utilization: 0.17 Logical Block: BLK-TL-IOPAD
	Block Utilization: 0.00 Logical Block: BLK-TL-IOPAD_M
	Physical Tile BLK-TL-LIOPAD_S:
	Block Utilization: 0.17 Logical Block: BLK-TL-IOPAD
	Block Utilization: 0.00 Logical Block: BLK-TL-IOPAD_S
	Physical Tile BLK-TL-LIOPAD_SING:
	Block Utilization: 2.00 Logical Block: BLK-TL-IOPAD
	Physical Tile BLK-TL-RIOPAD_M:
	Block Utilization: 0.25 Logical Block: BLK-TL-IOPAD
	Block Utilization: 0.00 Logical Block: BLK-TL-IOPAD_M
	Physical Tile BLK-TL-RIOPAD_S:
	Block Utilization: 0.25 Logical Block: BLK-TL-IOPAD
	Block Utilization: 0.00 Logical Block: BLK-TL-IOPAD_S
	Physical Tile BLK-TL-RIOPAD_SING:
	Block Utilization: 3.00 Logical Block: BLK-TL-IOPAD
	Physical Tile BLK-TL-CLK_BUFG_BOT_R:
	Block Utilization: 0.00 Logical Block: BLK-TL-BUFGCTRL
	Physical Tile BLK-TL-CLK_BUFG_TOP_R:
	Block Utilization: 0.00 Logical Block: BLK-TL-BUFGCTRL
	Physical Tile BLK-TL-CMT_TOP_L_UPPER_T:
	Block Utilization: 0.00 Logical Block: BLK-TL-PLLE2_ADV
	Physical Tile BLK-TL-CMT_TOP_R_UPPER_T:
	Block Utilization: 0.00 Logical Block: BLK-TL-PLLE2_ADV
	Physical Tile BLK-TL-CMT_TOP_L_LOWER_B:
	Block Utilization: 0.00 Logical Block: BLK-TL-MMCME2_ADV
	Physical Tile BLK-TL-CMT_TOP_R_LOWER_B:
	Block Utilization: 0.00 Logical Block: BLK-TL-MMCME2_ADV
	Physical Tile BLK-TL-HCLK_IOI3:
	Block Utilization: 0.00 Logical Block: BLK-TL-HCLK_IOI3
	Physical Tile BLK-TL-GTP_COMMON:
	Block Utilization: 0.00 Logical Block: BLK-TL-IPAD
	Block Utilization: 0.00 Logical Block: BLK-TL-IBUFDS_GTE2
	Block Utilization: 0.00 Logical Block: BLK-TL-GTPE2_COMMON
	Physical Tile BLK-TL-GTP_CHANNEL_0:
	Block Utilization: 0.00 Logical Block: BLK-TL-OPAD
	Block Utilization: 0.00 Logical Block: BLK-TL-IPAD
	Block Utilization: 0.00 Logical Block: BLK-TL-GTPE2_CHANNEL
	Physical Tile BLK-TL-GTP_CHANNEL_1:
	Block Utilization: 0.00 Logical Block: BLK-TL-OPAD
	Block Utilization: 0.00 Logical Block: BLK-TL-IPAD
	Block Utilization: 0.00 Logical Block: BLK-TL-GTPE2_CHANNEL
	Physical Tile BLK-TL-GTP_CHANNEL_2:
	Block Utilization: 0.00 Logical Block: BLK-TL-OPAD
	Block Utilization: 0.00 Logical Block: BLK-TL-IPAD
	Block Utilization: 0.00 Logical Block: BLK-TL-GTPE2_CHANNEL
	Physical Tile BLK-TL-GTP_CHANNEL_3:
	Block Utilization: 0.00 Logical Block: BLK-TL-OPAD
	Block Utilization: 0.00 Logical Block: BLK-TL-IPAD
	Block Utilization: 0.00 Logical Block: BLK-TL-GTPE2_CHANNEL
	Physical Tile BLK-TL-PCIE_BOT:
	Block Utilization: 0.00 Logical Block: BLK-TL-PCIE_2_1
	Physical Tile SYN-VCC:
	Block Utilization: 1.00 Logical Block: SYN-VCC
	Physical Tile SYN-GND:
	Block Utilization: 1.00 Logical Block: SYN-GND

## Build Device Grid took 0.04 seconds (max_rss 87.3 MiB, delta_rss +0.0 MiB)
## Loading routing resource graph



Warning 827: This architecture version is for VPR 8.1.0-dev+c012f19d3 while your current VPR version is 8.1.0-dev+25e723a24-dirty, compatibility issues may arise

## Loading routing resource graph took 11.17 seconds (max_rss 3287.0 MiB, delta_rss +3199.6 MiB)
  RR Graph Nodes: 2934684
  RR Graph Edges: 22357697
# Create Device took 12.02 seconds (max_rss 3287.0 MiB, delta_rss +3199.6 MiB)

# Computing src/opin lookahead
Warning 828: Found no more sample locations for SOURCE in BLK-TL-BRAM_L
Warning 829: Found no more sample locations for OPIN in BLK-TL-BRAM_L
Warning 830: Found no more sample locations for SOURCE in BLK-TL-LIOPAD_M
Warning 831: Found no more sample locations for OPIN in BLK-TL-LIOPAD_M
Warning 832: Found no more sample locations for SOURCE in BLK-TL-LIOPAD_S
Warning 833: Found no more sample locations for OPIN in BLK-TL-LIOPAD_S
Warning 834: Found no more sample locations for SOURCE in BLK-TL-LIOPAD_SING
Warning 835: Found no more sample locations for OPIN in BLK-TL-LIOPAD_SING
Warning 836: Found no more sample locations for SOURCE in BLK-TL-RIOPAD_M
Warning 837: Found no more sample locations for OPIN in BLK-TL-RIOPAD_M
Warning 838: Found no more sample locations for SOURCE in BLK-TL-RIOPAD_S
Warning 839: Found no more sample locations for OPIN in BLK-TL-RIOPAD_S
Warning 840: Found no more sample locations for SOURCE in BLK-TL-RIOPAD_SING
Warning 841: Found no more sample locations for OPIN in BLK-TL-RIOPAD_SING
Warning 842: Found no more sample locations for SOURCE in BLK-TL-CMT_TOP_L_UPPER_T
Warning 843: Found no more sample locations for OPIN in BLK-TL-CMT_TOP_L_UPPER_T
Warning 844: Found no more sample locations for SOURCE in BLK-TL-CMT_TOP_R_UPPER_T
Warning 845: Found no more sample locations for OPIN in BLK-TL-CMT_TOP_R_UPPER_T
Warning 846: Found no more sample locations for SOURCE in BLK-TL-CMT_TOP_L_LOWER_B
Warning 847: Found no more sample locations for OPIN in BLK-TL-CMT_TOP_L_LOWER_B
Warning 848: Found no more sample locations for SOURCE in BLK-TL-CMT_TOP_R_LOWER_B
Warning 849: Found no more sample locations for OPIN in BLK-TL-CMT_TOP_R_LOWER_B
Warning 850: Found no more sample locations for SOURCE in BLK-TL-GTP_COMMON
Warning 851: Found no more sample locations for OPIN in BLK-TL-GTP_COMMON
Warning 852: Found no more sample locations for SOURCE in BLK-TL-GTP_CHANNEL_0
Warning 853: Found no more sample locations for OPIN in BLK-TL-GTP_CHANNEL_0
Warning 854: Found no more sample locations for SOURCE in BLK-TL-GTP_CHANNEL_1
Warning 855: Found no more sample locations for OPIN in BLK-TL-GTP_CHANNEL_1
Warning 856: Found no more sample locations for SOURCE in BLK-TL-GTP_CHANNEL_2
Warning 857: Found no more sample locations for OPIN in BLK-TL-GTP_CHANNEL_2
Warning 858: Found no more sample locations for SOURCE in BLK-TL-GTP_CHANNEL_3
Warning 859: Found no more sample locations for OPIN in BLK-TL-GTP_CHANNEL_3
Warning 860: Found no more sample locations for SOURCE in BLK-TL-PCIE_BOT
Warning 861: Found no more sample locations for OPIN in BLK-TL-PCIE_BOT
# Computing src/opin lookahead took 0.01 seconds (max_rss 3287.0 MiB, delta_rss +0.0 MiB)
# Computing chan/ipin lookahead
Warning 862: Found no sample locations for EMPTY
Warning 863: Found no sample locations for BLK-TL-CLBLL_L
Warning 864: Found no sample locations for BLK-TL-CLBLL_R
Warning 865: Found no sample locations for BLK-TL-CLBLM_L
Warning 866: Found no sample locations for BLK-TL-CLBLM_R
Warning 867: Found no sample locations for BLK-TL-BRAM_L
Warning 868: Found no sample locations for BLK-TL-LIOPAD_M
Warning 869: Found no sample locations for BLK-TL-LIOPAD_S
Warning 870: Found no sample locations for BLK-TL-LIOPAD_SING
Warning 871: Found no sample locations for BLK-TL-RIOPAD_M
Warning 872: Found no sample locations for BLK-TL-RIOPAD_S
Warning 873: Found no sample locations for BLK-TL-RIOPAD_SING
Warning 874: Found no sample locations for BLK-TL-CLK_BUFG_BOT_R
Warning 875: Found no sample locations for BLK-TL-CLK_BUFG_TOP_R
Warning 876: Found no sample locations for BLK-TL-CMT_TOP_L_UPPER_T
Warning 877: Found no sample locations for BLK-TL-CMT_TOP_R_UPPER_T
Warning 878: Found no sample locations for BLK-TL-CMT_TOP_L_LOWER_B
Warning 879: Found no sample locations for BLK-TL-CMT_TOP_R_LOWER_B
Warning 880: Found no sample locations for BLK-TL-HCLK_IOI3
Warning 881: Found no sample locations for BLK-TL-GTP_COMMON
Warning 882: Found no sample locations for BLK-TL-GTP_CHANNEL_0
Warning 883: Found no sample locations for BLK-TL-GTP_CHANNEL_1
Warning 884: Found no sample locations for BLK-TL-GTP_CHANNEL_2
Warning 885: Found no sample locations for BLK-TL-GTP_CHANNEL_3
Warning 886: Found no sample locations for BLK-TL-PCIE_BOT
Warning 887: Found no sample locations for SYN-VCC
Warning 888: Found no sample locations for SYN-GND
# Computing chan/ipin lookahead took 0.03 seconds (max_rss 3287.0 MiB, delta_rss +0.0 MiB)
# Computing placement delta delay look-up
  RR Graph Nodes: 2934684
  RR Graph Edges: 22357697
# Computing placement delta delay look-up took 0.94 seconds (max_rss 3287.0 MiB, delta_rss +0.0 MiB)
Using simple RL 'Softmax agent' for choosing move types
Warning 889: CHANX place cost fac is 0 at 0 0
Warning 890: CHANX place cost fac is 0 at 52 52
Warning 891: CHANX place cost fac is 0 at 105 105
Warning 892: CHANX place cost fac is 0 at 158 158
Warning 893: CHANX place cost fac is 0 at 160 160
Warning 894: CHANX place cost fac is 0 at 161 160
Warning 895: CHANX place cost fac is 0 at 161 161
Warning 896: CHANY place cost fac is 0 at 0 0
Warning 897: CHANY place cost fac is 0 at 10 10
Warning 898: CHANY place cost fac is 0 at 14 14
Warning 899: CHANY place cost fac is 0 at 18 18
Warning 900: CHANY place cost fac is 0 at 24 24
Warning 901: CHANY place cost fac is 0 at 30 30
Warning 902: CHANY place cost fac is 0 at 34 34
Warning 903: CHANY place cost fac is 0 at 48 48
Warning 904: CHANY place cost fac is 0 at 52 52
Warning 905: CHANY place cost fac is 0 at 56 56
Warning 906: CHANY place cost fac is 0 at 62 62
Warning 907: CHANY place cost fac is 0 at 66 66
Warning 908: CHANY place cost fac is 0 at 80 80
Warning 909: CHANY place cost fac is 0 at 86 86
Warning 910: CHANY place cost fac is 0 at 106 106
Warning 911: CHANY place cost fac is 0 at 115 115
Warning 912: CHANY place cost fac is 0 at 116 115
Warning 913: CHANY place cost fac is 0 at 116 116
# Placement
## Initial Placement
Reading /home/kalii/f4pga-examples/xc7/counter_slave/build/arty_35/counter_slave.preplace.

Successfully read constraints file /home/kalii/f4pga-examples/xc7/counter_slave/build/arty_35/counter_slave.preplace.

## Initial Placement took 0.01 seconds (max_rss 3287.0 MiB, delta_rss +0.0 MiB)

There are 51 point to point connections in this circuit.


Completed placement consistency check successfully.
Initial placement cost: 1 bb_cost: 6.55113 td_cost: 4.32345e-08
Initial placement estimated Critical Path Delay (CPD): 8.31902 ns
Initial placement estimated setup Total Negative Slack (sTNS): -89.1443 ns
Initial placement estimated setup Worst Negative Slack (sWNS): -8.31902 ns

Initial placement estimated setup slack histogram:
[ -8.3e-09: -7.5e-09)  1 (  2.9%) |***
[ -7.5e-09: -6.7e-09)  2 (  5.9%) |******
[ -6.7e-09: -5.8e-09)  1 (  2.9%) |***
[ -5.8e-09:   -5e-09)  5 ( 14.7%) |***************
[   -5e-09: -4.2e-09)  2 (  5.9%) |******
[ -4.2e-09: -3.3e-09)  1 (  2.9%) |***
[ -3.3e-09: -2.5e-09)  5 ( 14.7%) |***************
[ -2.5e-09: -1.7e-09)  1 (  2.9%) |***
[ -1.7e-09: -8.4e-10)  0 (  0.0%) |
[ -8.4e-10: -3.9e-12) 16 ( 47.1%) |************************************************
Placement contains 1 placement macros involving 2 blocks (average macro size 2.000000)

Moves per temperature: 21
Warning 914: Starting t: 6 of 17 configurations accepted.

---- ------ ------- ------- ---------- ---------- ------- ---------- -------- ------- ------- ------ -------- --------- ------
Tnum   Time       T Av Cost Av BB Cost Av TD Cost     CPD       sTNS     sWNS Ac Rate Std Dev  R lim Crit Exp Tot Moves  Alpha
      (sec)                                          (ns)       (ns)     (ns)                                                 
---- ------ ------- ------- ---------- ---------- ------- ---------- -------- ------- ------- ------ -------- --------- ------
   1    0.0 1.3e+00   0.986       5.35 3.5329e-08   7.082      -87.1   -7.082   0.667  0.0691  161.0     1.00        21  0.200
   2    0.0 1.2e+00   1.041       5.62 4.0157e-08   6.065      -84.3   -6.065   0.667  0.0845  161.0     1.00        42  0.950
   3    0.0 1.2e+00   1.119       5.50 4.0088e-08   7.797      -89.3   -7.797   0.571  0.0891  161.0     1.00        63  0.950
   4    0.0 1.1e+00   1.003       5.91 4.0139e-08   6.354      -85.8   -6.354   0.762  0.0665  161.0     1.00        84  0.950
   5    0.0 1.0e+00   0.857       5.63 3.582e-08    8.727       -104   -8.727   0.333  0.0096  161.0     1.00       105  0.950
   6    0.0 1.0e+00   1.005       5.44 3.3678e-08   7.074      -95.2   -7.074   0.667  0.0305  143.8     1.75       126  0.950
   7    0.0 9.5e-01   1.014       5.50 3.5334e-08   6.839      -85.8   -6.839   0.381  0.0276  161.0     1.00       147  0.950
   8    0.0 9.0e-01   1.062       5.38 3.3387e-08   6.668      -85.2   -6.668   0.524  0.0772  151.5     1.42       168  0.950
   9    0.0 8.6e-01   1.024       5.39 3.5935e-08   7.390      -86.1   -7.390   0.810  0.0599  161.0     1.00       189  0.950
  10    0.0 7.7e-01   1.042       5.43 3.6728e-08   6.965        -87   -6.965   0.476  0.0138  161.0     1.00       210  0.900
  11    0.0 7.3e-01   0.967       5.27 3.5222e-08   7.210      -87.5   -7.210   0.571  0.0611  161.0     1.00       231  0.950
  12    0.0 6.9e-01   1.106       5.66 4.0019e-08   7.269      -85.7   -7.269   0.476  0.0613  161.0     1.00       252  0.950
  13    0.0 6.6e-01   0.828       5.57 3.9227e-08   6.627      -90.4   -6.627   0.524  0.0301  161.0     1.00       273  0.950
  14    0.0 6.3e-01   1.166       5.91 4.2322e-08   7.458      -87.7   -7.458   0.429  0.1721  161.0     1.00       294  0.950
  15    0.0 6.0e-01   0.899       5.46 3.5476e-08   7.209      -88.8   -7.209   0.619  0.0480  159.2     1.08       315  0.950
  16    0.0 5.7e-01   0.953       5.26 3.3337e-08   6.949        -85   -6.949   0.524  0.0565  161.0     1.00       336  0.950
  17    0.0 5.4e-01   1.132       5.40 3.6128e-08   7.060      -83.6   -7.060   0.571  0.1196  161.0     1.00       357  0.950
  18    0.0 5.1e-01   1.031       5.48 3.4603e-08   7.392      -85.8   -7.392   0.333  0.0402  161.0     1.00       378  0.950
  19    0.0 4.9e-01   0.935       5.23 3.3401e-08   5.969      -85.2   -5.969   0.667  0.0376  143.8     1.75       399  0.950
  20    0.0 4.6e-01   1.115       5.52 3.7259e-08   7.345      -86.7   -7.345   0.619  0.0759  161.0     1.00       420  0.950
  21    0.0 4.4e-01   1.071       5.46 3.7984e-08   7.284      -89.8   -7.284   0.619  0.0410  161.0     1.00       441  0.950
  22    0.0 4.2e-01   1.016       5.61 3.74e-08     6.277      -86.3   -6.277   0.381  0.0511  161.0     1.00       462  0.950
  23    0.0 4.0e-01   1.088       5.31 3.1856e-08   7.569      -87.5   -7.569   0.429  0.0957  151.5     1.42       483  0.950
  24    0.0 3.8e-01   0.938       5.08 2.7276e-08   7.719      -88.7   -7.719   0.619  0.0487  149.8     1.49       504  0.950
  25    0.0 3.6e-01   1.046       5.22 3.4389e-08   7.560      -88.1   -7.560   0.381  0.0851  161.0     1.00       525  0.950
  26    0.0 3.4e-01   0.959       5.59 3.2208e-08   6.741      -84.2   -6.741   0.810  0.0662  151.5     1.42       546  0.950
  27    0.0 3.0e-01   0.964       5.54 3.8728e-08   7.702       -100   -7.702   0.381  0.1015  161.0     1.00       567  0.900
  28    0.0 2.9e-01   0.924       5.17 3.413e-08    6.803      -91.7   -6.803   0.667  0.0506  151.5     1.42       588  0.950
  29    0.0 2.8e-01   1.005       5.45 3.8079e-08   7.129      -86.1   -7.129   0.429  0.0524  161.0     1.00       609  0.950
  30    0.0 2.6e-01   0.938       5.14 3.2693e-08   7.023      -86.9   -7.023   0.333  0.0683  159.2     1.08       630  0.950
  31    0.0 2.5e-01   0.944       5.16 2.4354e-08   7.843      -88.3   -7.843   0.238  0.0220  142.2     1.82       651  0.950
  32    0.0 2.4e-01   0.998       5.50 2.0179e-08   7.438      -87.6   -7.438   0.381  0.0283  113.5     3.08       672  0.950
  33    0.0 2.2e-01   1.031       5.19 2.0542e-08   6.961      -86.2   -6.961   0.619  0.0487  106.8     3.37       693  0.950
  34    0.0 2.1e-01   1.054       5.53 2.6621e-08   7.112        -87   -7.112   0.524  0.0919  125.9     2.54       714  0.950
  35    0.0 2.0e-01   0.840       5.17 2.7798e-08   6.346      -83.9   -6.346   0.476  0.0559  136.4     2.07       735  0.950
  36    0.0 1.9e-01   1.136       5.19 2.6042e-08   7.614      -83.3   -7.614   0.714  0.0730  141.4     1.86       756  0.950
  37    0.0 1.8e-01   0.957       5.17 3.3545e-08   7.116      -85.1   -7.116   0.524  0.0295  161.0     1.00       777  0.950
  38    0.0 1.7e-01   0.909       5.01 3.1866e-08   7.769      -87.8   -7.769   0.381  0.0471  161.0     1.00       798  0.950
  39    0.0 1.6e-01   1.091       5.66 3.3001e-08   7.914      -89.8   -7.914   0.571  0.0447  151.5     1.42       819  0.950
  40    0.0 1.6e-01   0.904       5.23 3.4674e-08   6.376        -82   -6.376   0.524  0.0291  161.0     1.00       840  0.950
  41    0.0 1.5e-01   1.035       5.36 3.4774e-08   7.436      -88.6   -7.436   0.381  0.0507  161.0     1.00       861  0.950
  42    0.0 1.4e-01   1.087       5.24 3.163e-08    7.308      -86.4   -7.308   0.381  0.0570  151.5     1.42       882  0.950
  43    0.0 1.3e-01   0.952       5.79 2.748e-08    6.684      -85.6   -6.684   0.381  0.0102  142.5     1.81       903  0.950
  44    0.0 1.3e-01   0.939       5.16 2.6125e-08   6.961      -89.8   -6.961   0.524  0.0610  134.1     2.18       924  0.950
  45    0.0 1.2e-01   1.026       5.09 2.7589e-08   7.444      -87.7   -7.444   0.381  0.0475  145.4     1.68       945  0.950
  46    0.0 1.2e-01   0.906       5.13 2.6782e-08   6.659      -86.1   -6.659   0.381  0.0322  136.8     2.06       966  0.950
  47    0.0 1.1e-01   0.983       5.02 1.972e-08    7.660      -88.3   -7.660   0.429  0.0467  128.7     2.41       987  0.950
  48    0.0 1.0e-01   1.119       5.06 2.1086e-08   7.507      -84.7   -7.507   0.333  0.0455  127.2     2.48      1008  0.950
  49    0.0 9.9e-02   0.962       5.02 1.6604e-08   7.989      -87.6   -7.989   0.238  0.0202  113.7     3.07      1029  0.950
  50    0.0 9.4e-02   1.011       5.03 1.468e-08    8.083      -90.2   -8.083   0.333  0.0197   90.7     4.07      1050  0.950
  51    0.0 8.9e-02   0.954       4.95 1.2098e-08   8.287        -91   -8.287   0.333  0.0391   81.0     4.50      1071  0.950
  52    0.0 8.5e-02   0.944       5.06 1.2696e-08   7.660      -89.9   -7.660   0.381  0.0379   72.4     4.88      1092  0.950
  53    0.0 8.0e-02   1.021       5.28 1.3637e-08   7.422      -89.5   -7.422   0.286  0.0123   68.1     5.06      1113  0.950
  54    0.0 7.6e-02   1.067       5.34 1.2695e-08   7.615      -88.5   -7.615   0.476  0.0611   57.6     5.52      1134  0.950
  55    0.0 7.3e-02   1.043       5.47 1.4139e-08   7.565        -88   -7.565   0.429  0.0705   59.7     5.43      1155  0.950
  56    0.0 6.9e-02   0.886       5.25 2.4437e-08   6.504      -93.4   -6.504   0.476  0.0750   59.0     5.46      1176  0.950
  57    0.0 6.5e-02   0.935       4.82 1.3282e-08   7.284      -88.5   -7.284   0.286  0.0075   61.2     5.37      1197  0.950
  58    0.0 6.2e-02   1.054       5.22 1.091e-08    7.801      -85.7   -7.801   0.238  0.0488   51.7     5.78      1218  0.950
  59    0.0 5.9e-02   0.987       5.03 9.9712e-09   8.041      -88.2   -8.041   0.381  0.0420   41.3     6.24      1239  0.950
  60    0.0 5.6e-02   0.842       5.30 1.5355e-08   7.265      -97.2   -7.265   0.333  0.0726   38.8     6.34      1260  0.950
  61    0.0 5.3e-02   1.046       5.42 1.1742e-08   7.832      -90.3   -7.832   0.571  0.0639   34.7     6.53      1281  0.950
  62    0.0 5.1e-02   0.876       5.10 1.2026e-08   6.995      -85.8   -6.995   0.381  0.0600   39.3     6.33      1302  0.950
  63    0.0 4.8e-02   1.031       5.27 9.5258e-09   7.801      -85.7   -7.801   0.333  0.0539   36.9     6.43      1323  0.950
  64    0.0 4.6e-02   0.869       5.06 1.1835e-08   6.822      -86.7   -6.822   0.381  0.0516   33.0     6.60      1344  0.950
  65    0.0 4.3e-02   0.999       4.81 1.0688e-08   7.633      -89.7   -7.633   0.238  0.0130   31.0     6.69      1365  0.950
  66    0.0 4.1e-02   0.989       4.88 8.8945e-09   7.784      -85.7   -7.784   0.381  0.0170   24.8     6.96      1386  0.950
  67    0.0 3.9e-02   0.985       4.87 8.8567e-09   7.784      -85.8   -7.784   0.619  0.0134   23.3     7.02      1407  0.950
  68    0.0 3.7e-02   0.972       4.89 8.6407e-09   7.914      -87.1   -7.914   0.238  0.0212   27.5     6.84      1428  0.950
  69    0.0 3.5e-02   0.994       4.80 8.9247e-09   7.388      -82.1   -7.388   0.143  0.0032   21.9     7.08      1449  0.950
  70    0.0 3.4e-02   1.011       4.84 8.5659e-09   7.388      -81.9   -7.388   0.238  0.0129   15.4     7.37      1470  0.950
  71    0.0 3.2e-02   0.981       4.97 8.5173e-09   7.939      -88.3   -7.939   0.286  0.0131   12.3     7.51      1491  0.950
  72    0.0 3.0e-02   1.005       4.88 8.9943e-09   7.468      -85.8   -7.468   0.286  0.0077   10.4     7.59      1512  0.950
  73    0.0 2.9e-02   0.988       4.83 8.274e-09    7.349      -82.1   -7.349   0.095  0.0034    8.8     7.66      1533  0.950
  74    0.0 2.7e-02   1.009       4.85 7.9737e-09   7.349      -81.6   -7.349   0.143  0.0260    5.8     7.79      1554  0.950
  75    0.0 2.6e-02   1.019       4.82 8.8476e-09   7.136      -81.3   -7.136   0.238  0.0207    4.1     7.87      1575  0.950
  76    0.0 2.5e-02   0.965       4.79 7.8221e-09   7.410      -82.7   -7.410   0.048  0.0000    3.2     7.90      1596  0.950
  77    0.0 2.3e-02   1.001       4.80 8.2311e-09   7.136        -81   -7.136   0.095  0.0015    2.0     7.96      1617  0.950
  78    0.0 2.2e-02   1.022       4.79 8.6104e-09   7.136      -81.2   -7.136   0.476  0.0177    1.3     7.99      1638  0.950
  79    0.0 2.1e-02   0.987       4.86 8.3344e-09   7.784      -85.9   -7.784   0.381  0.0114    1.3     7.99      1659  0.950
  80    0.0 2.0e-02   0.984       4.93 7.8466e-09   7.499      -82.9   -7.499   0.048  0.0000    1.3     7.99      1680  0.950
  81    0.0 1.9e-02   1.002       4.93 7.3058e-09   7.499      -82.2   -7.499   0.048  0.0000    1.0     8.00      1701  0.950
  82    0.0 1.5e-02   0.988       5.01 7.0418e-09   7.499      -82.4   -7.499   0.048  0.0000    1.0     8.00      1722  0.800
Agent's 2nd state: 
Checkpoint saved: bb_costs=5.01191, TD costs=8.14166e-09, CPD=  7.443 (ns) 
  83    0.0 1.2e-02   1.003       4.99 8.2291e-09   7.443      -85.6   -7.443   0.190  0.0031    1.0     8.00      1743  0.800
  84    0.0 1.2e-02   1.008       4.93 7.4571e-09   7.499      -82.4   -7.499   0.095  0.0097    1.0     8.00      1764  0.950
  85    0.0 9.3e-03   1.002       4.86 8.3232e-09   7.499      -83.2   -7.499   0.476  0.0072    1.0     8.00      1785  0.800
  86    0.0 8.8e-03   1.008       4.85 8.4287e-09   7.663      -84.7   -7.663   0.429  0.0062    1.0     8.00      1806  0.950
  87    0.0 8.4e-03   0.980       4.93 8.204e-09    7.736      -86.6   -7.736   0.381  0.0057    1.0     8.00      1827  0.950
  88    0.0 8.0e-03   0.999       4.86 8.4661e-09   7.678      -86.2   -7.678   0.333  0.0096    1.0     8.00      1848  0.950
Checkpoint saved: bb_costs=4.86191, TD costs=8.4396e-09, CPD=  7.388 (ns) 
  89    0.0 7.6e-03   0.997       4.84 8.4309e-09   7.388      -82.6   -7.388   0.143  0.0013    1.0     8.00      1869  0.950
Checkpoint saved: bb_costs=4.82275, TD costs=8.54778e-09, CPD=  7.244 (ns) 
  90    0.0 6.1e-03   1.001       4.84 8.5244e-09   7.244      -81.8   -7.244   0.381  0.0044    1.0     8.00      1890  0.800
  91    0.0 5.8e-03   1.000       4.87 8.2248e-09   7.244      -81.5   -7.244   0.333  0.0083    1.0     8.00      1911  0.950
  92    0.0 5.5e-03   1.001       4.89 8.1705e-09   7.507        -85   -7.507   0.381  0.0059    1.0     8.00      1932  0.950
  93    0.0 5.2e-03   0.992       4.95 7.1077e-09   7.499        -82   -7.499   0.333  0.0047    1.0     8.00      1953  0.950
  94    0.0 4.9e-03   1.003       4.95 8.1919e-09   7.443      -85.2   -7.443   0.048  0.0000    1.0     8.00      1974  0.950
  95    0.0 3.9e-03   1.002       4.94 8.1173e-09   7.468      -85.1   -7.468   0.333  0.0054    1.0     8.00      1995  0.800
  96    0.0 3.7e-03   1.000       4.98 8.0963e-09   7.443      -85.2   -7.443   0.000  0.0000    1.0     8.00      2016  0.950
  97    0.0 3.0e-03   1.000       4.98 8.0963e-09   7.443      -85.2   -7.443   0.000  0.0000    1.0     8.00      2037  0.800
  98    0.0 2.4e-03   1.000       4.98 8.0963e-09   7.443      -85.2   -7.443   0.000  0.0000    1.0     8.00      2058  0.800
  99    0.0 1.9e-03   1.001       4.96 8.1287e-09   7.443      -85.2   -7.443   0.143  0.0025    1.0     8.00      2079  0.800
 100    0.0 1.5e-03   0.996       4.96 7.9911e-09   7.468        -85   -7.468   0.333  0.0013    1.0     8.00      2100  0.800
 101    0.0 1.5e-03   1.000       4.96 8.1129e-09   7.443        -85   -7.443   0.048  0.0000    1.0     8.00      2121  0.950
 102    0.0 1.2e-03   1.000       4.96 8.1258e-09   7.443        -85   -7.443   0.000  0.0000    1.0     8.00      2142  0.800
 103    0.0 9.3e-04   1.000       4.96 8.1258e-09   7.443        -85   -7.443   0.000  0.0000    1.0     8.00      2163  0.800
 104    0.0 7.5e-04   1.000       4.96 8.131e-09    7.443        -85   -7.443   0.190  0.0003    1.0     8.00      2184  0.800
 105    0.0 7.1e-04   1.000       4.96 8.1133e-09   7.443        -85   -7.443   0.000  0.0000    1.0     8.00      2205  0.950
 106    0.0 5.7e-04   1.000       4.96 8.1129e-09   7.443        -85   -7.443   0.048  0.0000    1.0     8.00      2226  0.800
 107    0.0 4.5e-04   1.000       4.96 8.1258e-09   7.443        -85   -7.443   0.000  0.0000    1.0     8.00      2247  0.800
 108    0.0 3.6e-04   1.000       4.96 8.1258e-09   7.443        -85   -7.443   0.000  0.0000    1.0     8.00      2268  0.800
 109    0.0 2.9e-04   1.000       4.96 8.1263e-09   7.443        -85   -7.443   0.048  0.0000    1.0     8.00      2289  0.800
 110    0.0 2.3e-04   1.000       4.96 8.1133e-09   7.443        -85   -7.443   0.048  0.0000    1.0     8.00      2310  0.800
 111    0.0 0.0e+00   1.000       4.96 8.1164e-09   7.443      -85.1   -7.443   0.000  0.0000    1.0     8.00      2331  0.800
## Placement Quench took 0.00 seconds (max_rss 3287.0 MiB)
post-quench CPD = 7.443 (ns) 

Checkpoint restored

Completed placement consistency check successfully.

Swaps called: 2348

Aborted Move Reasons:
  macro_from swap to location illegal: 123

Placement estimated critical path delay (least slack): 7.24409 ns, Fmax: 138.044 MHz
Placement estimated setup Worst Negative Slack (sWNS): -7.24409 ns
Placement estimated setup Total Negative Slack (sTNS): -81.7619 ns

Placement estimated setup slack histogram:
[ -7.2e-09: -6.5e-09)  2 (  5.9%) |******
[ -6.5e-09: -5.8e-09)  0 (  0.0%) |
[ -5.8e-09: -5.1e-09)  1 (  2.9%) |***
[ -5.1e-09: -4.4e-09)  6 ( 17.6%) |******************
[ -4.4e-09: -3.7e-09)  3 (  8.8%) |*********
[ -3.7e-09: -2.9e-09)  2 (  5.9%) |******
[ -2.9e-09: -2.2e-09)  3 (  8.8%) |*********
[ -2.2e-09: -1.5e-09)  0 (  0.0%) |
[ -1.5e-09: -7.9e-10)  1 (  2.9%) |***
[ -7.9e-10: -6.8e-11) 16 ( 47.1%) |************************************************

Placement estimated geomean non-virtual intra-domain period: 7.24409 ns (138.044 MHz)
Placement estimated fanout-weighted geomean non-virtual intra-domain period: 7.24409 ns (138.044 MHz)

Placement cost: 1, bb_cost: 4.82275, td_cost: 8.54778e-09, 

Placement resource usage:
  BLK-TL-SLICEL implemented as BLK-TL-CLBLL_L    : 1
  BLK-TL-SLICEL implemented as BLK-TL-CLBLM_R    : 2
  BLK-TL-IOPAD  implemented as BLK-TL-LIOPAD_M   : 2
  BLK-TL-IOPAD  implemented as BLK-TL-LIOPAD_S   : 3
  BLK-TL-IOPAD  implemented as BLK-TL-RIOPAD_M   : 2
  BLK-TL-IOPAD  implemented as BLK-TL-RIOPAD_S   : 4
  BLK-TL-IOPAD  implemented as BLK-TL-RIOPAD_SING: 1
  SYN-VCC       implemented as SYN-VCC           : 1
  SYN-GND       implemented as SYN-GND           : 1

Placement number of temperatures: 111
Placement total # of swap attempts: 2348
	Swaps accepted:  825 (35.1 %)
	Swaps rejected:  352 (15.0 %)
	Swaps aborted : 1171 (49.9 %)


Percentage of different move types:
	Uniform move: 18.91 % (acc=33.56 %, rej=19.14 %, aborted=47.30 %)
	Median move: 25.26 % (acc=39.80 %, rej=4.89 %, aborted=55.31 %)
	W. Centroid move: 23.51 % (acc=34.42 %, rej=21.56 %, aborted=44.02 %)
	Centroid move: 24.57 % (acc=39.86 %, rej=9.19 %, aborted=50.95 %)
	W. Median move: 3.75 % (acc=10.23 %, rej=10.23 %, aborted=79.55 %)
	Crit. Uniform move: 3.62 % (acc=12.94 %, rej=57.65 %, aborted=29.41 %)
	Feasible Region move: 0.38 % (acc=0.00 %, rej=88.89 %, aborted=11.11 %)

Placement Quench timing analysis took 0.000177171 seconds (0.000134168 STA, 4.3003e-05 slack) (1 full updates: 1 setup, 0 hold, 0 combined).
Placement Total  timing analysis took 0.0224133 seconds (0.0175757 STA, 0.0048376 slack) (114 full updates: 114 setup, 0 hold, 0 combined).
update_td_costs: connections 0 nets 0 sum_nets 0 total 0
# Placement took 0.06 seconds (max_rss 3287.0 MiB, delta_rss +0.0 MiB)
Incr Slack updates 114 in 0.00162156 sec
Full Max Req/Worst Slack updates 73 in 0.000402892 sec
Incr Max Req/Worst Slack updates 41 in 0.000200051 sec
Incr Criticality updates 17 in 0.000274413 sec
Full Criticality updates 97 in 0.00187167 sec

Flow timing analysis took 0.0224133 seconds (0.0175757 STA, 0.0048376 slack) (114 full updates: 114 setup, 0 hold, 0 combined).
VPR succeeded
The entire flow of VPR took 14.81 seconds (max_rss 3287.0 MiB)
